005e85a3-3571-462d-8dc9-2babfc7ace21	TMPRSS2
005e85a3-3571-462d-8dc9-2babfc7ace21	TMPRSS2
005e85a3-3571-462d-8dc9-2babfc7ace21	ERG
008bad10-d41b-4bbb-86fa-9976ecea46b1	MGA
008bad10-d41b-4bbb-86fa-9976ecea46b1	ERG
008bad10-d41b-4bbb-86fa-9976ecea46b1	TMPRSS2
008bad10-d41b-4bbb-86fa-9976ecea46b1	MIRLET7BHG
008bad10-d41b-4bbb-86fa-9976ecea46b1	MIRLET7BHG
0192d529-7340-45d8-a5f0-249cbb11ca19	PTEN
0192d529-7340-45d8-a5f0-249cbb11ca19	PTEN
0192d529-7340-45d8-a5f0-249cbb11ca19	IGF2R
0192d529-7340-45d8-a5f0-249cbb11ca19	ERG
0192d529-7340-45d8-a5f0-249cbb11ca19	ERG
0192d529-7340-45d8-a5f0-249cbb11ca19	ERG
0192d529-7340-45d8-a5f0-249cbb11ca19	ERG
0192d529-7340-45d8-a5f0-249cbb11ca19	ERG
0192d529-7340-45d8-a5f0-249cbb11ca19	ASXL2
0192d529-7340-45d8-a5f0-249cbb11ca19	ERG
0192d529-7340-45d8-a5f0-249cbb11ca19	ERG
0192d529-7340-45d8-a5f0-249cbb11ca19	ERG
0192d529-7340-45d8-a5f0-249cbb11ca19	ERG
0192d529-7340-45d8-a5f0-249cbb11ca19	TMPRSS2
0192d529-7340-45d8-a5f0-249cbb11ca19	ERG
0192d529-7340-45d8-a5f0-249cbb11ca19	ERG
0192d529-7340-45d8-a5f0-249cbb11ca19	ERG
0192d529-7340-45d8-a5f0-249cbb11ca19	ERG
0192d529-7340-45d8-a5f0-249cbb11ca19	ERG
0192d529-7340-45d8-a5f0-249cbb11ca19	ERG
0192d529-7340-45d8-a5f0-249cbb11ca19	TMPRSS2
052015bc-8c24-467c-8ff7-9e0dc4ad39fd	PTEN
052015bc-8c24-467c-8ff7-9e0dc4ad39fd	PTEN
052015bc-8c24-467c-8ff7-9e0dc4ad39fd	PTEN
052015bc-8c24-467c-8ff7-9e0dc4ad39fd	ERG
052015bc-8c24-467c-8ff7-9e0dc4ad39fd	TMPRSS2
07531318-87e8-4db8-aa61-9b93597d063b	TTC28
07531318-87e8-4db8-aa61-9b93597d063b	CHD1
07531318-87e8-4db8-aa61-9b93597d063b	CHD1
07f16397-71bb-4594-ad4d-caa7d2baeabd	RASA1
07f16397-71bb-4594-ad4d-caa7d2baeabd	PTPRD
07f16397-71bb-4594-ad4d-caa7d2baeabd	PTPRD
089be98d-c3c9-4fb4-aef2-7a8578a91d51	PTEN
089be98d-c3c9-4fb4-aef2-7a8578a91d51	PTEN
089be98d-c3c9-4fb4-aef2-7a8578a91d51	TP53
089be98d-c3c9-4fb4-aef2-7a8578a91d51	ERG
089be98d-c3c9-4fb4-aef2-7a8578a91d51	TMPRSS2
08e1d976-6c39-428e-a4c2-f655b675683e	NCOR2
08e1d976-6c39-428e-a4c2-f655b675683e	NCOR2
0a6be23a-d5a0-4e95-ada2-a61b2b5d9485	TMPRSS2
0a6be23a-d5a0-4e95-ada2-a61b2b5d9485	TMPRSS2
0a6be23a-d5a0-4e95-ada2-a61b2b5d9485	ERG
0a6be23a-d5a0-4e95-ada2-a61b2b5d9485	TMPRSS2
0a6be23a-d5a0-4e95-ada2-a61b2b5d9485	ERG
0a6be23a-d5a0-4e95-ada2-a61b2b5d9485	TMPRSS2
0a6be23a-d5a0-4e95-ada2-a61b2b5d9485	LSAMP
0a6be23a-d5a0-4e95-ada2-a61b2b5d9485	LSAMP
0bd3a230-531e-44aa-9999-b8ed8da0176b	ZFHX3
0bd3a230-531e-44aa-9999-b8ed8da0176b	ERG
0bd3a230-531e-44aa-9999-b8ed8da0176b	TMPRSS2
0bd3a230-531e-44aa-9999-b8ed8da0176b	TMPRSS2
0bd3a230-531e-44aa-9999-b8ed8da0176b	ERG
0bd3a230-531e-44aa-9999-b8ed8da0176b	ERG
0bd3a230-531e-44aa-9999-b8ed8da0176b	ERG
0bd3a230-531e-44aa-9999-b8ed8da0176b	ERG
0bd3a230-531e-44aa-9999-b8ed8da0176b	ERG
0bfd1043-5142-3662-e050-11ac0c486501	STAB2
0bfd1043-5142-3662-e050-11ac0c486501	CHD6
0bfd1043-5142-3662-e050-11ac0c486501	ELK4
0bfd1043-5142-3662-e050-11ac0c486501	TMPRSS2
0bfd1043-5142-3662-e050-11ac0c486501	ERG
0bfd1043-5142-3662-e050-11ac0c486501	PRKDC
0bfd1043-5142-3662-e050-11ac0c486501	TP53
0bfd1043-5142-3662-e050-11ac0c486501	TP53
0bfd1043-5142-3662-e050-11ac0c486501	ERG
0bfd1043-5142-3662-e050-11ac0c486501	TMPRSS2
0bfd1043-5142-3662-e050-11ac0c486501	ZNRF3
0bfd1043-70fb-d2dc-e050-11ac0c4860cb	STAB2
0bfd1043-70fb-d2dc-e050-11ac0c4860cb	CHD6
0bfd1043-70fb-d2dc-e050-11ac0c4860cb	ELK4
0bfd1043-70fb-d2dc-e050-11ac0c4860cb	TMPRSS2
0bfd1043-70fb-d2dc-e050-11ac0c4860cb	ERG
0bfd1043-70fb-d2dc-e050-11ac0c4860cb	TP53
0bfd1043-70fb-d2dc-e050-11ac0c4860cb	TP53
0bfd1043-70fb-d2dc-e050-11ac0c4860cb	ERG
0bfd1043-70fb-d2dc-e050-11ac0c4860cb	TMPRSS2
0bfd1043-7343-fdd0-e050-11ac0c484cab	PTEN
0bfd1043-7343-fdd0-e050-11ac0c484cab	PTEN
0bfd1043-7343-fdd0-e050-11ac0c484cab	PTEN
0bfd1043-7343-fdd0-e050-11ac0c484cab	PTEN
0bfd1043-7343-fdd0-e050-11ac0c484cab	PTEN
0bfd1043-7343-fdd0-e050-11ac0c484cab	PTEN
0bfd1043-7343-fdd0-e050-11ac0c484cab	PAX6
0bfd1043-7343-fdd0-e050-11ac0c484cab	CHD7
0bfd1043-7343-fdd0-e050-11ac0c484cab	TP53
0bfd1043-7343-fdd0-e050-11ac0c484cab	ZFHX3
0bfd1043-7343-fdd0-e050-11ac0c484cab	TP53
0bfd1043-7343-fdd0-e050-11ac0c484cab	ERG
0bfd1043-7343-fdd0-e050-11ac0c484cab	TMPRSS2
0bfd1043-7343-fdd0-e050-11ac0c484cab	MAP3K1
0bfd1043-7344-fdd0-e050-11ac0c484cab	EHHADH
0bfd1043-7344-fdd0-e050-11ac0c484cab	FOXA1
0bfd1043-7344-fdd0-e050-11ac0c484cab	FOXA1
0bfd1043-7344-fdd0-e050-11ac0c484cab	FOXA1
0bfd1043-7344-fdd0-e050-11ac0c484cab	MGA
0bfd1043-7344-fdd0-e050-11ac0c484cab	PPL
0bfd1043-7344-fdd0-e050-11ac0c484cab	ZFHX3
0bfd1043-7344-fdd0-e050-11ac0c484cab	ZFHX3
0bfd1043-7344-fdd0-e050-11ac0c484cab	ZFHX3
0bfd1043-7344-fdd0-e050-11ac0c484cab	ZFHX3
0bfd1043-7344-fdd0-e050-11ac0c484cab	ZFHX3
0bfd1043-7344-fdd0-e050-11ac0c484cab	ZFHX3
0bfd1043-7344-fdd0-e050-11ac0c484cab	PIK3CA
0bfd1043-7344-fdd0-e050-11ac0c484cab	IL6ST
0bfd1043-7344-fdd0-e050-11ac0c484cab	PIK3R1
0bfd1043-7344-fdd0-e050-11ac0c484cab	SSR1
0bfd1043-7344-fdd0-e050-11ac0c484cab	KDM6A
0bfd1043-7346-fdd0-e050-11ac0c484cab	PTEN
0bfd1043-7346-fdd0-e050-11ac0c484cab	PTEN
0bfd1043-7346-fdd0-e050-11ac0c484cab	ASXL2
0bfd1043-7346-fdd0-e050-11ac0c484cab	PTEN
0bfd1043-7346-fdd0-e050-11ac0c484cab	TMPRSS2
0bfd1043-7346-fdd0-e050-11ac0c484cab	ERG
0bfd1043-7346-fdd0-e050-11ac0c484cab	MAP2K4
0bfd1043-7346-fdd0-e050-11ac0c484cab	MAP2K4
0bfd1043-7ebf-aaec-e050-11ac0c482f39	TP53
0bfd1043-7ebf-aaec-e050-11ac0c482f39	TP53
0bfd1043-7ebf-aaec-e050-11ac0c482f39	MAP2K4
0bfd1043-7ebf-aaec-e050-11ac0c482f39	MAP2K4
0bfd1043-7ebf-aaec-e050-11ac0c482f39	CDK12
0bfd1043-7ebf-aaec-e050-11ac0c482f39	CDK12
0bfd1043-7ebf-aaec-e050-11ac0c482f39	CDK12
0bfd1043-7ebf-aaec-e050-11ac0c482f39	LSAMP
0bfd1043-7ebf-aaec-e050-11ac0c482f39	LSAMP
0bfd1043-7ebf-aaec-e050-11ac0c482f39	BAG4
0bfd1043-7ebf-aaec-e050-11ac0c482f39	PTPRD
0bfd1043-7ebf-aaec-e050-11ac0c482f39	PTPRD
0bfd1043-7ec1-aaec-e050-11ac0c482f39	PTEN
0bfd1043-7ec1-aaec-e050-11ac0c482f39	RAD51B
0bfd1043-7ec1-aaec-e050-11ac0c482f39	ASXL2
0bfd1043-7ec1-aaec-e050-11ac0c482f39	TMPRSS2
0bfd1043-7ec1-aaec-e050-11ac0c482f39	TMPRSS2
0bfd1043-7ec1-aaec-e050-11ac0c482f39	ERG
0bfd1043-7ec1-aaec-e050-11ac0c482f39	ERG
0bfd1043-7ec1-aaec-e050-11ac0c482f39	ERG
0bfd1043-7ec1-aaec-e050-11ac0c482f39	TMPRSS2
0bfd1043-7ec1-aaec-e050-11ac0c482f39	PTPRD
0bfd1043-7ec1-aaec-e050-11ac0c482f39	PTPRD
0bfd1043-7ec1-aaec-e050-11ac0c482f39	AR
0bfd1043-7ec1-aaec-e050-11ac0c482f39	AR
0bfd1043-7ed6-9ccc-e050-11ac0c481957	PTEN
0bfd1043-7ed6-9ccc-e050-11ac0c481957	PTEN
0bfd1043-7ed6-9ccc-e050-11ac0c481957	ASXL2
0bfd1043-7ed6-9ccc-e050-11ac0c481957	PTEN
0bfd1043-7ed6-9ccc-e050-11ac0c481957	TMPRSS2
0bfd1043-7ed6-9ccc-e050-11ac0c481957	ERG
0bfd1043-7ed6-9ccc-e050-11ac0c481957	MAP2K4
0bfd1043-7ed6-9ccc-e050-11ac0c481957	MAP2K4
0bfd1043-816e-e3e4-e050-11ac0c4860c5	EHHADH
0bfd1043-816e-e3e4-e050-11ac0c4860c5	MGA
0bfd1043-816e-e3e4-e050-11ac0c4860c5	PPL
0bfd1043-816e-e3e4-e050-11ac0c4860c5	PIK3CA
0bfd1043-816e-e3e4-e050-11ac0c4860c5	IL6ST
0bfd1043-816e-e3e4-e050-11ac0c4860c5	SSR1
0bfd1043-816e-e3e4-e050-11ac0c4860c5	CHD7
0bfd1043-816e-e3e4-e050-11ac0c4860c5	KDM6A
0bfd1043-8170-e3e4-e050-11ac0c4860c5	PTEN
0bfd1043-8170-e3e4-e050-11ac0c4860c5	PTEN
0bfd1043-8170-e3e4-e050-11ac0c4860c5	RAD51B
0bfd1043-8170-e3e4-e050-11ac0c4860c5	RAD51B
0bfd1043-8170-e3e4-e050-11ac0c4860c5	TCF12
0bfd1043-8170-e3e4-e050-11ac0c4860c5	ERG
0bfd1043-8170-e3e4-e050-11ac0c4860c5	ERG
0bfd1043-8170-e3e4-e050-11ac0c4860c5	TMPRSS2
0bfd1043-8170-e3e4-e050-11ac0c4860c5	TMPRSS2
0bfd1043-8170-e3e4-e050-11ac0c4860c5	PDS5A
0bfd1043-8170-e3e4-e050-11ac0c4860c5	SSR1
0bfd1043-8170-e3e4-e050-11ac0c4860c5	SSR1
0bfd1043-8170-e3e4-e050-11ac0c4860c5	RSPO2
0bfd1043-8172-e3e4-e050-11ac0c4860c5	SPEN
0bfd1043-8172-e3e4-e050-11ac0c4860c5	PTEN
0bfd1043-8172-e3e4-e050-11ac0c4860c5	PTEN
0bfd1043-8172-e3e4-e050-11ac0c4860c5	TCF12
0bfd1043-8172-e3e4-e050-11ac0c4860c5	ERG
0bfd1043-8172-e3e4-e050-11ac0c4860c5	ERG
0bfd1043-8172-e3e4-e050-11ac0c4860c5	TMPRSS2
0bfd1043-8172-e3e4-e050-11ac0c4860c5	TMPRSS2
0bfd1043-8172-e3e4-e050-11ac0c4860c5	SSR1
0bfd1043-8172-e3e4-e050-11ac0c4860c5	SSR1
0bfd1043-8173-e3e4-e050-11ac0c4860c5	SPEN
0bfd1043-8173-e3e4-e050-11ac0c4860c5	PTEN
0bfd1043-8173-e3e4-e050-11ac0c4860c5	PTEN
0bfd1043-8173-e3e4-e050-11ac0c4860c5	TCF12
0bfd1043-8173-e3e4-e050-11ac0c4860c5	ERG
0bfd1043-8173-e3e4-e050-11ac0c4860c5	ERG
0bfd1043-8173-e3e4-e050-11ac0c4860c5	TMPRSS2
0bfd1043-8173-e3e4-e050-11ac0c4860c5	TMPRSS2
0bfd1043-8173-e3e4-e050-11ac0c4860c5	SSR1
0bfd1043-8173-e3e4-e050-11ac0c4860c5	SSR1
0bfd1043-8175-e3e4-e050-11ac0c4860c5	SPEN
0bfd1043-8175-e3e4-e050-11ac0c4860c5	PTEN
0bfd1043-8175-e3e4-e050-11ac0c4860c5	PTEN
0bfd1043-8175-e3e4-e050-11ac0c4860c5	TCF12
0bfd1043-8175-e3e4-e050-11ac0c4860c5	ERG
0bfd1043-8175-e3e4-e050-11ac0c4860c5	ERG
0bfd1043-8175-e3e4-e050-11ac0c4860c5	TMPRSS2
0bfd1043-8175-e3e4-e050-11ac0c4860c5	TMPRSS2
0bfd1043-8175-e3e4-e050-11ac0c4860c5	SSR1
0bfd1043-8177-e3e4-e050-11ac0c4860c5	ERG
0bfd1043-8177-e3e4-e050-11ac0c4860c5	TMPRSS2
0bfd1043-8177-e3e4-e050-11ac0c4860c5	PRKDC
0bfd1043-8177-e3e4-e050-11ac0c4860c5	ZMYM3
0bfd1043-817c-e3e4-e050-11ac0c4860c5	PTEN
0bfd1043-817c-e3e4-e050-11ac0c4860c5	RAD51B
0bfd1043-817c-e3e4-e050-11ac0c4860c5	ASXL2
0bfd1043-817c-e3e4-e050-11ac0c4860c5	TMPRSS2
0bfd1043-817c-e3e4-e050-11ac0c4860c5	TMPRSS2
0bfd1043-817c-e3e4-e050-11ac0c4860c5	ERG
0bfd1043-817c-e3e4-e050-11ac0c4860c5	ERG
0bfd1043-817c-e3e4-e050-11ac0c4860c5	ERG
0bfd1043-817c-e3e4-e050-11ac0c4860c5	TMPRSS2
0bfd1043-817c-e3e4-e050-11ac0c4860c5	PTPRD
0bfd1043-817c-e3e4-e050-11ac0c4860c5	PTPRD
0bfd1043-817e-e3e4-e050-11ac0c4860c5	JAK1
0bfd1043-817e-e3e4-e050-11ac0c4860c5	RPRD2
0bfd1043-817e-e3e4-e050-11ac0c4860c5	PTEN
0bfd1043-817e-e3e4-e050-11ac0c4860c5	PTEN
0bfd1043-817e-e3e4-e050-11ac0c4860c5	PTEN
0bfd1043-817e-e3e4-e050-11ac0c4860c5	BRCA2
0bfd1043-817e-e3e4-e050-11ac0c4860c5	BRCA2
0bfd1043-817e-e3e4-e050-11ac0c4860c5	BRCA2
0bfd1043-817e-e3e4-e050-11ac0c4860c5	BRCA2
0bfd1043-817e-e3e4-e050-11ac0c4860c5	BRCA2
0bfd1043-817e-e3e4-e050-11ac0c4860c5	KEAP1
0bfd1043-817e-e3e4-e050-11ac0c4860c5	KEAP1
0bfd1043-817e-e3e4-e050-11ac0c4860c5	TMPRSS2
0bfd1043-817e-e3e4-e050-11ac0c4860c5	TMPRSS2
0bfd1043-817e-e3e4-e050-11ac0c4860c5	PTPRD
0bfd1043-817e-e3e4-e050-11ac0c4860c5	PTPRD
0bfd1043-8180-e3e4-e050-11ac0c4860c5	JAK1
0bfd1043-8180-e3e4-e050-11ac0c4860c5	USP28
0bfd1043-8180-e3e4-e050-11ac0c4860c5	USP28
0bfd1043-8180-e3e4-e050-11ac0c4860c5	CDH1
0bfd1043-8180-e3e4-e050-11ac0c4860c5	ZFHX3
0bfd1043-8180-e3e4-e050-11ac0c4860c5	ZFHX3
0bfd1043-8180-e3e4-e050-11ac0c4860c5	ZFHX3
0bfd1043-8180-e3e4-e050-11ac0c4860c5	ZFHX3
0bfd1043-8180-e3e4-e050-11ac0c4860c5	PMS1
0bfd1043-8180-e3e4-e050-11ac0c4860c5	ERG
0bfd1043-8180-e3e4-e050-11ac0c4860c5	TMPRSS2
0bfd1043-8180-e3e4-e050-11ac0c4860c5	MIRLET7BHG
0bfd1043-8180-e3e4-e050-11ac0c4860c5	MIRLET7BHG
0bfd1043-8181-e3e4-e050-11ac0c4860c5	JAK1
0bfd1043-8181-e3e4-e050-11ac0c4860c5	USP28
0bfd1043-8181-e3e4-e050-11ac0c4860c5	USP28
0bfd1043-8181-e3e4-e050-11ac0c4860c5	CDH1
0bfd1043-8181-e3e4-e050-11ac0c4860c5	ZFHX3
0bfd1043-8181-e3e4-e050-11ac0c4860c5	ZFHX3
0bfd1043-8181-e3e4-e050-11ac0c4860c5	ZFHX3
0bfd1043-8181-e3e4-e050-11ac0c4860c5	ZFHX3
0bfd1043-8181-e3e4-e050-11ac0c4860c5	PMS1
0bfd1043-8181-e3e4-e050-11ac0c4860c5	ERG
0bfd1043-8181-e3e4-e050-11ac0c4860c5	TMPRSS2
0bfd1043-8181-e3e4-e050-11ac0c4860c5	MIRLET7BHG
0bfd1043-8181-e3e4-e050-11ac0c4860c5	MIRLET7BHG
0bfd1043-8181-e3e4-e050-11ac0c4860c5	MYC
0bfd1043-8183-e3e4-e050-11ac0c4860c5	JAK1
0bfd1043-8183-e3e4-e050-11ac0c4860c5	PTEN
0bfd1043-8183-e3e4-e050-11ac0c4860c5	PTEN
0bfd1043-8183-e3e4-e050-11ac0c4860c5	PTEN
0bfd1043-8183-e3e4-e050-11ac0c4860c5	PTEN
0bfd1043-8183-e3e4-e050-11ac0c4860c5	BRCA2
0bfd1043-8183-e3e4-e050-11ac0c4860c5	BRCA2
0bfd1043-8183-e3e4-e050-11ac0c4860c5	BRCA2
0bfd1043-8183-e3e4-e050-11ac0c4860c5	BRCA2
0bfd1043-8183-e3e4-e050-11ac0c4860c5	BRCA2
0bfd1043-8183-e3e4-e050-11ac0c4860c5	KEAP1
0bfd1043-8183-e3e4-e050-11ac0c4860c5	KEAP1
0bfd1043-8183-e3e4-e050-11ac0c4860c5	TMPRSS2
0bfd1043-8183-e3e4-e050-11ac0c4860c5	TMPRSS2
0bfd1043-8187-e3e4-e050-11ac0c4860c5	MGA
0bfd1043-8187-e3e4-e050-11ac0c4860c5	PPL
0bfd1043-8187-e3e4-e050-11ac0c4860c5	ITSN1
0bfd1043-8187-e3e4-e050-11ac0c4860c5	PIK3CA
0bfd1043-8187-e3e4-e050-11ac0c4860c5	IL6ST
0bfd1043-8189-e3e4-e050-11ac0c4860c5	STAB2
0bfd1043-8189-e3e4-e050-11ac0c4860c5	CHD6
0bfd1043-8189-e3e4-e050-11ac0c4860c5	ELK4
0bfd1043-8189-e3e4-e050-11ac0c4860c5	TMPRSS2
0bfd1043-8189-e3e4-e050-11ac0c4860c5	ERG
0bfd1043-8189-e3e4-e050-11ac0c4860c5	TP53
0bfd1043-8189-e3e4-e050-11ac0c4860c5	TP53
0bfd1043-8189-e3e4-e050-11ac0c4860c5	ERG
0bfd1043-8189-e3e4-e050-11ac0c4860c5	TMPRSS2
0bfd1068-3fc3-a95b-e050-11ac0c4860c3	SPEN
0bfd1068-3fc3-a95b-e050-11ac0c4860c3	PTEN
0bfd1068-3fc3-a95b-e050-11ac0c4860c3	PTEN
0bfd1068-3fc3-a95b-e050-11ac0c4860c3	RAD51B
0bfd1068-3fc3-a95b-e050-11ac0c4860c3	RAD51B
0bfd1068-3fc3-a95b-e050-11ac0c4860c3	TCF12
0bfd1068-3fc3-a95b-e050-11ac0c4860c3	ERG
0bfd1068-3fc3-a95b-e050-11ac0c4860c3	ERG
0bfd1068-3fc3-a95b-e050-11ac0c4860c3	TMPRSS2
0bfd1068-3fc3-a95b-e050-11ac0c4860c3	TMPRSS2
0bfd1068-3fc3-a95b-e050-11ac0c4860c3	SSR1
0bfd1068-3fc3-a95b-e050-11ac0c4860c3	SSR1
0bfd1068-3fc5-a95b-e050-11ac0c4860c3	PTEN
0bfd1068-3fc5-a95b-e050-11ac0c4860c3	PTEN
0bfd1068-3fc5-a95b-e050-11ac0c4860c3	ASXL2
0bfd1068-3fc5-a95b-e050-11ac0c4860c3	PTEN
0bfd1068-3fc5-a95b-e050-11ac0c4860c3	TMPRSS2
0bfd1068-3fc5-a95b-e050-11ac0c4860c3	ERG
0bfd1068-3fc5-a95b-e050-11ac0c4860c3	MAP2K4
0bfd1068-3fc5-a95b-e050-11ac0c4860c3	MAP2K4
0bfd1068-3fca-a95b-e050-11ac0c4860c3	ERG
0bfd1068-3fca-a95b-e050-11ac0c4860c3	TMPRSS2
0bfd1068-3fca-a95b-e050-11ac0c4860c3	PRKDC
0bfd1068-3fca-a95b-e050-11ac0c4860c3	PRKDC
0bfd1068-3fca-a95b-e050-11ac0c4860c3	ZMYM3
0bfd1068-3fcd-a95b-e050-11ac0c4860c3	ERG
0bfd1068-3fcd-a95b-e050-11ac0c4860c3	ERG
0bfd1068-3fcd-a95b-e050-11ac0c4860c3	ERG
0bfd1068-3fcd-a95b-e050-11ac0c4860c3	ERG
0bfd1068-3fcd-a95b-e050-11ac0c4860c3	ERG
0bfd1068-3fcd-a95b-e050-11ac0c4860c3	TMPRSS2
0bfd1068-3fcd-a95b-e050-11ac0c4860c3	PRKDC
0bfd1068-3fcd-a95b-e050-11ac0c4860c3	ZMYM3
0bfd1068-3fcf-a95b-e050-11ac0c4860c3	PTEN
0bfd1068-3fcf-a95b-e050-11ac0c4860c3	RAD51B
0bfd1068-3fcf-a95b-e050-11ac0c4860c3	RAD51B
0bfd1068-3fcf-a95b-e050-11ac0c4860c3	RAD51B
0bfd1068-3fcf-a95b-e050-11ac0c4860c3	ASXL2
0bfd1068-3fcf-a95b-e050-11ac0c4860c3	AR
0bfd1068-3fcf-a95b-e050-11ac0c4860c3	TMPRSS2
0bfd1068-3fcf-a95b-e050-11ac0c4860c3	TMPRSS2
0bfd1068-3fcf-a95b-e050-11ac0c4860c3	ERG
0bfd1068-3fcf-a95b-e050-11ac0c4860c3	ERG
0bfd1068-3fcf-a95b-e050-11ac0c4860c3	ERG
0bfd1068-3fcf-a95b-e050-11ac0c4860c3	TMPRSS2
0bfd1068-3fcf-a95b-e050-11ac0c4860c3	SETD2
0bfd1068-3fcf-a95b-e050-11ac0c4860c3	LSAMP
0bfd1068-3fcf-a95b-e050-11ac0c4860c3	LSAMP
0bfd1068-3fcf-a95b-e050-11ac0c4860c3	PTPRD
0bfd1068-3fcf-a95b-e050-11ac0c4860c3	PTPRD
0bfd1068-3fcf-a95b-e050-11ac0c4860c3	AR
0bfd1068-3fcf-a95b-e050-11ac0c4860c3	AR
0bfd1068-3fd3-a95b-e050-11ac0c4860c3	ETV3
0bfd1068-3fd3-a95b-e050-11ac0c4860c3	PTEN
0bfd1068-3fd3-a95b-e050-11ac0c4860c3	PTEN
0bfd1068-3fd3-a95b-e050-11ac0c4860c3	PTEN
0bfd1068-3fd3-a95b-e050-11ac0c4860c3	PTEN
0bfd1068-3fd3-a95b-e050-11ac0c4860c3	PTEN
0bfd1068-3fd3-a95b-e050-11ac0c4860c3	PTEN
0bfd1068-3fd3-a95b-e050-11ac0c4860c3	TP53
0bfd1068-3fd3-a95b-e050-11ac0c4860c3	MAP3K1
0bfd1068-3fd3-a95b-e050-11ac0c4860c3	ZFHX3
0bfd1068-3fd3-a95b-e050-11ac0c4860c3	TP53
0bfd1068-3fd3-a95b-e050-11ac0c4860c3	ERG
0bfd1068-3fd3-a95b-e050-11ac0c4860c3	TMPRSS2
0bfd1068-3fd3-a95b-e050-11ac0c4860c3	NKX3-1
0bfd1068-3fd3-a95b-e050-11ac0c4860c3	AR
0bfd1068-3fd5-a95b-e050-11ac0c4860c3	PTEN
0bfd1068-3fd5-a95b-e050-11ac0c4860c3	RAD51B
0bfd1068-3fd5-a95b-e050-11ac0c4860c3	ASXL2
0bfd1068-3fd5-a95b-e050-11ac0c4860c3	AR
0bfd1068-3fd5-a95b-e050-11ac0c4860c3	TMPRSS2
0bfd1068-3fd5-a95b-e050-11ac0c4860c3	TMPRSS2
0bfd1068-3fd5-a95b-e050-11ac0c4860c3	ERG
0bfd1068-3fd5-a95b-e050-11ac0c4860c3	ERG
0bfd1068-3fd5-a95b-e050-11ac0c4860c3	ERG
0bfd1068-3fd5-a95b-e050-11ac0c4860c3	TMPRSS2
0bfd1068-3fd5-a95b-e050-11ac0c4860c3	PTPRD
0bfd1068-3fd5-a95b-e050-11ac0c4860c3	PTPRD
0bfd1068-3fd5-a95b-e050-11ac0c4860c3	AR
0bfd1068-3fd5-a95b-e050-11ac0c4860c3	AR
0bfd1068-3fd8-a95b-e050-11ac0c4860c3	TP53
0bfd1068-3fd8-a95b-e050-11ac0c4860c3	TP53
0bfd1068-3fd8-a95b-e050-11ac0c4860c3	LSAMP
0bfd1068-3fd8-a95b-e050-11ac0c4860c3	LSAMP
0bfd1068-3fd8-a95b-e050-11ac0c4860c3	BAG4
0bfd1068-3fd8-a95b-e050-11ac0c4860c3	NBN
0bfd1068-3fd8-a95b-e050-11ac0c4860c3	NBN
0bfd1068-3fd8-a95b-e050-11ac0c4860c3	AR
0bfd1068-3fdd-a95b-e050-11ac0c4860c3	TP53
0bfd1068-3fdd-a95b-e050-11ac0c4860c3	TP53
0bfd1068-3fdd-a95b-e050-11ac0c4860c3	LSAMP
0bfd1068-3fdd-a95b-e050-11ac0c4860c3	LSAMP
0bfd1068-3fdd-a95b-e050-11ac0c4860c3	BAG4
0bfd1068-3fdd-a95b-e050-11ac0c4860c3	NBN
0bfd1068-3fdd-a95b-e050-11ac0c4860c3	PTPRD
0bfd1068-3fdd-a95b-e050-11ac0c4860c3	PTPRD
0bfd1068-3fdf-a95b-e050-11ac0c4860c3	JAK1
0bfd1068-3fdf-a95b-e050-11ac0c4860c3	USP28
0bfd1068-3fdf-a95b-e050-11ac0c4860c3	USP28
0bfd1068-3fdf-a95b-e050-11ac0c4860c3	CDH1
0bfd1068-3fdf-a95b-e050-11ac0c4860c3	ZFHX3
0bfd1068-3fdf-a95b-e050-11ac0c4860c3	ZFHX3
0bfd1068-3fdf-a95b-e050-11ac0c4860c3	ZFHX3
0bfd1068-3fdf-a95b-e050-11ac0c4860c3	ZFHX3
0bfd1068-3fdf-a95b-e050-11ac0c4860c3	PRKDC
0bfd1068-3fdf-a95b-e050-11ac0c4860c3	PMS1
0bfd1068-3fdf-a95b-e050-11ac0c4860c3	SF3B1
0bfd1068-3fdf-a95b-e050-11ac0c4860c3	ERG
0bfd1068-3fdf-a95b-e050-11ac0c4860c3	TMPRSS2
0bfd1068-3fdf-a95b-e050-11ac0c4860c3	MIRLET7BHG
0bfd1068-3fdf-a95b-e050-11ac0c4860c3	MIRLET7BHG
0bfd1068-3fdf-a95b-e050-11ac0c4860c3	PRKDC
0bfd1068-3fe1-a95b-e050-11ac0c4860c3	JAK1
0bfd1068-3fe1-a95b-e050-11ac0c4860c3	USP28
0bfd1068-3fe1-a95b-e050-11ac0c4860c3	USP28
0bfd1068-3fe1-a95b-e050-11ac0c4860c3	TCF12
0bfd1068-3fe1-a95b-e050-11ac0c4860c3	CDH1
0bfd1068-3fe1-a95b-e050-11ac0c4860c3	ZFHX3
0bfd1068-3fe1-a95b-e050-11ac0c4860c3	ZFHX3
0bfd1068-3fe1-a95b-e050-11ac0c4860c3	ZFHX3
0bfd1068-3fe1-a95b-e050-11ac0c4860c3	ZFHX3
0bfd1068-3fe1-a95b-e050-11ac0c4860c3	PRKDC
0bfd1068-3fe1-a95b-e050-11ac0c4860c3	PMS1
0bfd1068-3fe1-a95b-e050-11ac0c4860c3	ITSN1
0bfd1068-3fe1-a95b-e050-11ac0c4860c3	ITSN1
0bfd1068-3fe1-a95b-e050-11ac0c4860c3	ERG
0bfd1068-3fe1-a95b-e050-11ac0c4860c3	ERG
0bfd1068-3fe1-a95b-e050-11ac0c4860c3	ERG
0bfd1068-3fe1-a95b-e050-11ac0c4860c3	TMPRSS2
0bfd1068-3fe1-a95b-e050-11ac0c4860c3	MIRLET7BHG
0bfd1068-3fe1-a95b-e050-11ac0c4860c3	MIRLET7BHG
0bfd1068-3fe1-a95b-e050-11ac0c4860c3	MYC
0bfd1068-3fe4-a95b-e050-11ac0c4860c3	STAB2
0bfd1068-3fe4-a95b-e050-11ac0c4860c3	CHD6
0bfd1068-3fe4-a95b-e050-11ac0c4860c3	ELK4
0bfd1068-3fe4-a95b-e050-11ac0c4860c3	TMPRSS2
0bfd1068-3fe4-a95b-e050-11ac0c4860c3	ERG
0bfd1068-3fe4-a95b-e050-11ac0c4860c3	CHD6
0bfd1068-3fe4-a95b-e050-11ac0c4860c3	TP53
0bfd1068-3fe4-a95b-e050-11ac0c4860c3	TP53
0bfd1068-3fe4-a95b-e050-11ac0c4860c3	ERG
0bfd1068-3fe4-a95b-e050-11ac0c4860c3	TMPRSS2
0bfd1068-3fe4-a95b-e050-11ac0c4860c3	ZNRF3
0bfd1068-3fe6-a95b-e050-11ac0c4860c3	KMT2C
0bfd1068-3fe6-a95b-e050-11ac0c4860c3	MGA
0bfd1068-3fe6-a95b-e050-11ac0c4860c3	PPL
0bfd1068-3fe6-a95b-e050-11ac0c4860c3	ITSN1
0bfd1068-3fe6-a95b-e050-11ac0c4860c3	BRPF1
0bfd1068-3fe6-a95b-e050-11ac0c4860c3	PIK3CA
0bfd1068-3fe6-a95b-e050-11ac0c4860c3	IL6ST
0bfd1068-3fe6-a95b-e050-11ac0c4860c3	KMT2C
0bfd1068-3fe6-a95b-e050-11ac0c4860c3	KMT2C
0bfd1068-3fe6-a95b-e050-11ac0c4860c3	KMT2C
0bfe2ac9-0aec-c248-e050-11ac0d487e1c	PTEN
0bfe2ac9-0aec-c248-e050-11ac0d487e1c	PTEN
0bfe2ac9-0aec-c248-e050-11ac0d487e1c	ASXL2
0bfe2ac9-0aec-c248-e050-11ac0d487e1c	PTEN
0bfe2ac9-0aec-c248-e050-11ac0d487e1c	TMPRSS2
0bfe2ac9-0aec-c248-e050-11ac0d487e1c	ERG
0bfe2ac9-0aec-c248-e050-11ac0d487e1c	MAP2K4
0bfe2ac9-0aec-c248-e050-11ac0d487e1c	MAP2K4
0bfe2ac9-0aee-c248-e050-11ac0d487e1c	PTEN
0bfe2ac9-0aee-c248-e050-11ac0d487e1c	PTEN
0bfe2ac9-0aee-c248-e050-11ac0d487e1c	ASXL2
0bfe2ac9-0aee-c248-e050-11ac0d487e1c	PTEN
0bfe2ac9-0aee-c248-e050-11ac0d487e1c	KMT2D
0bfe2ac9-0aee-c248-e050-11ac0d487e1c	TMPRSS2
0bfe2ac9-0aee-c248-e050-11ac0d487e1c	ERG
0bfe2ac9-0aee-c248-e050-11ac0d487e1c	MAP2K4
0bfe2ac9-0aee-c248-e050-11ac0d487e1c	MAP2K4
0bfe2ac9-0af3-c248-e050-11ac0d487e1c	JAK1
0bfe2ac9-0af3-c248-e050-11ac0d487e1c	PTEN
0bfe2ac9-0af3-c248-e050-11ac0d487e1c	PTEN
0bfe2ac9-0af3-c248-e050-11ac0d487e1c	PTEN
0bfe2ac9-0af3-c248-e050-11ac0d487e1c	PTEN
0bfe2ac9-0af3-c248-e050-11ac0d487e1c	BRCA2
0bfe2ac9-0af3-c248-e050-11ac0d487e1c	BRCA2
0bfe2ac9-0af3-c248-e050-11ac0d487e1c	BRCA2
0bfe2ac9-0af3-c248-e050-11ac0d487e1c	BRCA2
0bfe2ac9-0af3-c248-e050-11ac0d487e1c	BRCA2
0bfe2ac9-0af3-c248-e050-11ac0d487e1c	KEAP1
0bfe2ac9-0af3-c248-e050-11ac0d487e1c	KEAP1
0bfe2ac9-0af3-c248-e050-11ac0d487e1c	TMPRSS2
0bfe2ac9-0af3-c248-e050-11ac0d487e1c	TMPRSS2
0bfe2ac9-0af5-c248-e050-11ac0d487e1c	TP53
0bfe2ac9-0af5-c248-e050-11ac0d487e1c	TP53
0bfe2ac9-0af5-c248-e050-11ac0d487e1c	LSAMP
0bfe2ac9-0af5-c248-e050-11ac0d487e1c	LSAMP
0bfe2ac9-0af5-c248-e050-11ac0d487e1c	BAG4
0bfe2ac9-0af5-c248-e050-11ac0d487e1c	NBN
0bfe2ac9-0af5-c248-e050-11ac0d487e1c	PTPRD
0bfe2ac9-0af5-c248-e050-11ac0d487e1c	PTPRD
0bfe2ac9-0af8-c248-e050-11ac0d487e1c	TP53
0bfe2ac9-0af8-c248-e050-11ac0d487e1c	TP53
0bfe2ac9-0af8-c248-e050-11ac0d487e1c	LSAMP
0bfe2ac9-0af8-c248-e050-11ac0d487e1c	LSAMP
0bfe2ac9-0af8-c248-e050-11ac0d487e1c	BAG4
0bfe2ac9-0af8-c248-e050-11ac0d487e1c	NBN
0bfe2ac9-0af8-c248-e050-11ac0d487e1c	PTPRD
0bfe2ac9-0af8-c248-e050-11ac0d487e1c	PTPRD
0bfe2ac9-0afa-c248-e050-11ac0d487e1c	STAB2
0bfe2ac9-0afa-c248-e050-11ac0d487e1c	CHD6
0bfe2ac9-0afa-c248-e050-11ac0d487e1c	ELK4
0bfe2ac9-0afa-c248-e050-11ac0d487e1c	TMPRSS2
0bfe2ac9-0afa-c248-e050-11ac0d487e1c	ERG
0bfe2ac9-0afa-c248-e050-11ac0d487e1c	TP53
0bfe2ac9-0afa-c248-e050-11ac0d487e1c	TP53
0bfe2ac9-0afa-c248-e050-11ac0d487e1c	ERG
0bfe2ac9-0afa-c248-e050-11ac0d487e1c	TMPRSS2
0bfe2ac9-0afd-c248-e050-11ac0d487e1c	STAB2
0bfe2ac9-0afd-c248-e050-11ac0d487e1c	CHD6
0bfe2ac9-0afd-c248-e050-11ac0d487e1c	ELK4
0bfe2ac9-0afd-c248-e050-11ac0d487e1c	TMPRSS2
0bfe2ac9-0afd-c248-e050-11ac0d487e1c	ERG
0bfe2ac9-0afd-c248-e050-11ac0d487e1c	PRKDC
0bfe2ac9-0afd-c248-e050-11ac0d487e1c	CHD6
0bfe2ac9-0afd-c248-e050-11ac0d487e1c	TP53
0bfe2ac9-0afd-c248-e050-11ac0d487e1c	TP53
0bfe2ac9-0afd-c248-e050-11ac0d487e1c	ERG
0bfe2ac9-0afd-c248-e050-11ac0d487e1c	TMPRSS2
0bfe2ac9-0afd-c248-e050-11ac0d487e1c	ZNRF3
0bfe2ac9-0aff-c248-e050-11ac0d487e1c	STAB2
0bfe2ac9-0aff-c248-e050-11ac0d487e1c	CHD6
0bfe2ac9-0aff-c248-e050-11ac0d487e1c	ELK4
0bfe2ac9-0aff-c248-e050-11ac0d487e1c	TMPRSS2
0bfe2ac9-0aff-c248-e050-11ac0d487e1c	ERG
0bfe2ac9-0aff-c248-e050-11ac0d487e1c	TP53
0bfe2ac9-0aff-c248-e050-11ac0d487e1c	TP53
0bfe2ac9-0aff-c248-e050-11ac0d487e1c	ERG
0bfe2ac9-0aff-c248-e050-11ac0d487e1c	TMPRSS2
0bfe2ac9-0aff-c248-e050-11ac0d487e1c	ZNRF3
0bfebf9f-c779-e57d-e050-11ac0d487827	TP53
0bfebf9f-c779-e57d-e050-11ac0d487827	TP53
0bfebf9f-c779-e57d-e050-11ac0d487827	LSAMP
0bfebf9f-c779-e57d-e050-11ac0d487827	LSAMP
0bfebf9f-c779-e57d-e050-11ac0d487827	NBN
0bfebf9f-c77d-e57d-e050-11ac0d487827	JAK1
0bfebf9f-c77d-e57d-e050-11ac0d487827	PTEN
0bfebf9f-c77d-e57d-e050-11ac0d487827	PTEN
0bfebf9f-c77d-e57d-e050-11ac0d487827	USP28
0bfebf9f-c77d-e57d-e050-11ac0d487827	USP28
0bfebf9f-c77d-e57d-e050-11ac0d487827	CDH1
0bfebf9f-c77d-e57d-e050-11ac0d487827	ZFHX3
0bfebf9f-c77d-e57d-e050-11ac0d487827	ZFHX3
0bfebf9f-c77d-e57d-e050-11ac0d487827	ZFHX3
0bfebf9f-c77d-e57d-e050-11ac0d487827	ZFHX3
0bfebf9f-c77d-e57d-e050-11ac0d487827	SPOP
0bfebf9f-c77d-e57d-e050-11ac0d487827	SPOP
0bfebf9f-c77d-e57d-e050-11ac0d487827	PMS1
0bfebf9f-c77d-e57d-e050-11ac0d487827	ERG
0bfebf9f-c77d-e57d-e050-11ac0d487827	TMPRSS2
0bfebf9f-c77d-e57d-e050-11ac0d487827	MIRLET7BHG
0bfebf9f-c77d-e57d-e050-11ac0d487827	MIRLET7BHG
0bfebf9f-c77d-e57d-e050-11ac0d487827	FER
0bfebf9f-c77d-e57d-e050-11ac0d487827	FER
0bfebf9f-c77d-e57d-e050-11ac0d487827	MYC
0bfebf9f-c77f-e57d-e050-11ac0d487827	PYHIN1
0bfebf9f-c77f-e57d-e050-11ac0d487827	PYHIN1
0bfebf9f-c77f-e57d-e050-11ac0d487827	TP53
0bfebf9f-c77f-e57d-e050-11ac0d487827	TP53
0bfebf9f-c77f-e57d-e050-11ac0d487827	AR
0bfebf9f-c77f-e57d-e050-11ac0d487827	AR
0bfebf9f-c77f-e57d-e050-11ac0d487827	AR
0bfebf9f-c77f-e57d-e050-11ac0d487827	LSAMP
0bfebf9f-c77f-e57d-e050-11ac0d487827	LSAMP
0bfebf9f-c77f-e57d-e050-11ac0d487827	NBN
0bfebf9f-c77f-e57d-e050-11ac0d487827	NBN
0bfebf9f-c77f-e57d-e050-11ac0d487827	AR
0bfebf9f-c77f-e57d-e050-11ac0d487827	AR
0bfebf9f-c77f-e57d-e050-11ac0d487827	AR
0bfebf9f-c781-e57d-e050-11ac0d487827	STAB2
0bfebf9f-c781-e57d-e050-11ac0d487827	CHD6
0bfebf9f-c781-e57d-e050-11ac0d487827	ELK4
0bfebf9f-c781-e57d-e050-11ac0d487827	TMPRSS2
0bfebf9f-c781-e57d-e050-11ac0d487827	ERG
0bfebf9f-c781-e57d-e050-11ac0d487827	TP53
0bfebf9f-c781-e57d-e050-11ac0d487827	TP53
0bfebf9f-c781-e57d-e050-11ac0d487827	ERG
0bfebf9f-c781-e57d-e050-11ac0d487827	TMPRSS2
0bfebf9f-c781-e57d-e050-11ac0d487827	ZNRF3
0bfebf9f-c783-e57d-e050-11ac0d487827	STAB2
0bfebf9f-c783-e57d-e050-11ac0d487827	CHD6
0bfebf9f-c783-e57d-e050-11ac0d487827	ELK4
0bfebf9f-c783-e57d-e050-11ac0d487827	TMPRSS2
0bfebf9f-c783-e57d-e050-11ac0d487827	ERG
0bfebf9f-c783-e57d-e050-11ac0d487827	TP53
0bfebf9f-c783-e57d-e050-11ac0d487827	TP53
0bfebf9f-c783-e57d-e050-11ac0d487827	ERG
0bfebf9f-c783-e57d-e050-11ac0d487827	TMPRSS2
0bfebf9f-c783-e57d-e050-11ac0d487827	ZNRF3
0c0038ff-6cc4-b0b0-e050-11ac0d483d73	TP53
0c0038ff-6cc4-b0b0-e050-11ac0d483d73	TP53
0c0038ff-6cc4-b0b0-e050-11ac0d483d73	LSAMP
0c0038ff-6cc4-b0b0-e050-11ac0d483d73	LSAMP
0c0038ff-6cc4-b0b0-e050-11ac0d483d73	BAG4
0c0038ff-6cc4-b0b0-e050-11ac0d483d73	NBN
0c0038ff-6cc4-b0b0-e050-11ac0d483d73	PTPRD
0c0038ff-6cc4-b0b0-e050-11ac0d483d73	PTPRD
0c0038ff-6cc6-b0b0-e050-11ac0d483d73	TP53
0c0038ff-6cc6-b0b0-e050-11ac0d483d73	TP53
0c0038ff-6cc6-b0b0-e050-11ac0d483d73	LSAMP
0c0038ff-6cc6-b0b0-e050-11ac0d483d73	LSAMP
0c0038ff-6cc6-b0b0-e050-11ac0d483d73	BAG4
0c0038ff-6cc6-b0b0-e050-11ac0d483d73	NBN
0c0038ff-6cc6-b0b0-e050-11ac0d483d73	PTPRD
0c0038ff-6cc6-b0b0-e050-11ac0d483d73	PTPRD
0c0038ff-6cc8-b0b0-e050-11ac0d483d73	STAB2
0c0038ff-6cc8-b0b0-e050-11ac0d483d73	CHD6
0c0038ff-6cc8-b0b0-e050-11ac0d483d73	ELK4
0c0038ff-6cc8-b0b0-e050-11ac0d483d73	TMPRSS2
0c0038ff-6cc8-b0b0-e050-11ac0d483d73	ERG
0c0038ff-6cc8-b0b0-e050-11ac0d483d73	CHD6
0c0038ff-6cc8-b0b0-e050-11ac0d483d73	TP53
0c0038ff-6cc8-b0b0-e050-11ac0d483d73	TP53
0c0038ff-6cc8-b0b0-e050-11ac0d483d73	ERG
0c0038ff-6cc8-b0b0-e050-11ac0d483d73	TMPRSS2
0c0038ff-6cc8-b0b0-e050-11ac0d483d73	ZNRF3
0cb4356c-b5d6-4541-b048-ff6d4b3a5d26	ZFP36L1
0cb4356c-b5d6-4541-b048-ff6d4b3a5d26	ERG
0cb4356c-b5d6-4541-b048-ff6d4b3a5d26	TMPRSS2
0cb4356c-b5d6-4541-b048-ff6d4b3a5d26	ERG
0cb4356c-b5d6-4541-b048-ff6d4b3a5d26	TMPRSS2
0cb4356c-b5d6-4541-b048-ff6d4b3a5d26	TMPRSS2
0cb4356c-b5d6-4541-b048-ff6d4b3a5d26	TMPRSS2
0cb4356c-b5d6-4541-b048-ff6d4b3a5d26	TMPRSS2
0cb4356c-b5d6-4541-b048-ff6d4b3a5d26	TMPRSS2
0ed2e2e1-2fe3-43eb-8cad-34f3f21a7169	ASXL2
0ed2e2e1-2fe3-43eb-8cad-34f3f21a7169	ASXL2
0ed2e2e1-2fe3-43eb-8cad-34f3f21a7169	ERG
0ed2e2e1-2fe3-43eb-8cad-34f3f21a7169	TMPRSS2
0ed2e2e1-2fe3-43eb-8cad-34f3f21a7169	CHD7
0ed2e2e1-2fe3-43eb-8cad-34f3f21a7169	CHD7
0ed2e2e1-2fe3-43eb-8cad-34f3f21a7169	PTPRD
0ed2e2e1-2fe3-43eb-8cad-34f3f21a7169	PTPRD
108b67d4-5d66-46da-8675-6acae643b76f	ETV1
108b67d4-5d66-46da-8675-6acae643b76f	PIK3CB
108b67d4-5d66-46da-8675-6acae643b76f	ETV1
120f01d1-8884-4aca-a1cb-36b207b2aa3a	PTPRD
120f01d1-8884-4aca-a1cb-36b207b2aa3a	PTPRD
120f01d1-8884-4aca-a1cb-36b207b2aa3a	PTPRD
120f01d1-8884-4aca-a1cb-36b207b2aa3a	PTPRD
122bf0a9-8052-49da-a9d7-0e5de9ab7032	ERG
122bf0a9-8052-49da-a9d7-0e5de9ab7032	ERG
126ee433-d345-4cac-882a-c91831a24690	ERG
126ee433-d345-4cac-882a-c91831a24690	TMPRSS2
126ee433-d345-4cac-882a-c91831a24690	TMPRSS2
126ee433-d345-4cac-882a-c91831a24690	TMPRSS2
126ee433-d345-4cac-882a-c91831a24690	KMT2C
131332b2-ff51-4bd7-a626-aff2ecea6135	TRPM4
131332b2-ff51-4bd7-a626-aff2ecea6135	CHD3
131332b2-ff51-4bd7-a626-aff2ecea6135	ZFHX3
145f2b89-8878-4390-b0f6-f09b02fb138a	ETV1
145f2b89-8878-4390-b0f6-f09b02fb138a	MGA
145f2b89-8878-4390-b0f6-f09b02fb138a	BRAF
1558629a-770a-4dcb-b0bf-9a8bcea9d80b	PTEN
1558629a-770a-4dcb-b0bf-9a8bcea9d80b	PTEN
1558629a-770a-4dcb-b0bf-9a8bcea9d80b	ERG
1558629a-770a-4dcb-b0bf-9a8bcea9d80b	TMPRSS2
1558629a-770a-4dcb-b0bf-9a8bcea9d80b	TTC28
186cacaf-4f20-4ad2-a07a-a7dc942a70b0	TMPRSS2
186cacaf-4f20-4ad2-a07a-a7dc942a70b0	TMPRSS2
186cacaf-4f20-4ad2-a07a-a7dc942a70b0	TMPRSS2
186cacaf-4f20-4ad2-a07a-a7dc942a70b0	TMPRSS2
1a319682-f55e-4e0b-8476-48a0bea6c265	ERG
1a319682-f55e-4e0b-8476-48a0bea6c265	TMPRSS2
1bbfe6f2-ad19-4d29-895b-973f5a91c707	JAK1
1bbfe6f2-ad19-4d29-895b-973f5a91c707	AXL
1bbfe6f2-ad19-4d29-895b-973f5a91c707	RNF43
1bbfe6f2-ad19-4d29-895b-973f5a91c707	RNF43
1bbfe6f2-ad19-4d29-895b-973f5a91c707	TMPRSS2
1bbfe6f2-ad19-4d29-895b-973f5a91c707	PIK3R1
1bd47e40-d708-4ca2-b4b3-eb8d996c916b	ERG
1bd47e40-d708-4ca2-b4b3-eb8d996c916b	TMPRSS2
1d6c9181-a02f-4c35-85b3-65dc5808f50e	RB1
1d6c9181-a02f-4c35-85b3-65dc5808f50e	TP53
1d6c9181-a02f-4c35-85b3-65dc5808f50e	ERG
1d6c9181-a02f-4c35-85b3-65dc5808f50e	TMPRSS2
1d6c9181-a02f-4c35-85b3-65dc5808f50e	ERG
1d6c9181-a02f-4c35-85b3-65dc5808f50e	TMPRSS2
1d6c9181-a02f-4c35-85b3-65dc5808f50e	LSAMP
1d91f9c7-67ba-4606-9f0a-01ec6fc08262	RAG1
1d91f9c7-67ba-4606-9f0a-01ec6fc08262	USP28
1d91f9c7-67ba-4606-9f0a-01ec6fc08262	NCOR2
1d91f9c7-67ba-4606-9f0a-01ec6fc08262	NCOR2
1d91f9c7-67ba-4606-9f0a-01ec6fc08262	ERG
1d91f9c7-67ba-4606-9f0a-01ec6fc08262	TMPRSS2
1eb37b28-fac2-477a-88b3-e04291a07926	ZFHX3
1eb37b28-fac2-477a-88b3-e04291a07926	ZFHX3
1f04210a-0c2e-4bb8-ac8e-86198e5f1d34	ERG
1f04210a-0c2e-4bb8-ac8e-86198e5f1d34	TMPRSS2
1f5e70c1-c5de-49e7-941a-46e11a4f4416	FOXA1
1f5e70c1-c5de-49e7-941a-46e11a4f4416	RSPO2
1f5e70c1-c5de-49e7-941a-46e11a4f4416	RSPO2
280a069c-38e5-4300-a15c-2612301b70e3	RB1
280a069c-38e5-4300-a15c-2612301b70e3	TP53
280a069c-38e5-4300-a15c-2612301b70e3	TP53
280a069c-38e5-4300-a15c-2612301b70e3	TMPRSS2
280a069c-38e5-4300-a15c-2612301b70e3	TMPRSS2
280a069c-38e5-4300-a15c-2612301b70e3	ETV4
280a069c-38e5-4300-a15c-2612301b70e3	ERG
280a069c-38e5-4300-a15c-2612301b70e3	TMPRSS2
280a069c-38e5-4300-a15c-2612301b70e3	ERG
280a069c-38e5-4300-a15c-2612301b70e3	TMPRSS2
280a069c-38e5-4300-a15c-2612301b70e3	LSAMP
289790a5-77bd-49a9-a1ec-478a8ecacd7f	TMPRSS2
289790a5-77bd-49a9-a1ec-478a8ecacd7f	TMPRSS2
289790a5-77bd-49a9-a1ec-478a8ecacd7f	ERG
289790a5-77bd-49a9-a1ec-478a8ecacd7f	TMPRSS2
289790a5-77bd-49a9-a1ec-478a8ecacd7f	ERG
289790a5-77bd-49a9-a1ec-478a8ecacd7f	TMPRSS2
289790a5-77bd-49a9-a1ec-478a8ecacd7f	PTPRD
289790a5-77bd-49a9-a1ec-478a8ecacd7f	PTPRD
2b54d668-7585-4bf4-9fdd-aea3c5cd4fa4	RB1
2b54d668-7585-4bf4-9fdd-aea3c5cd4fa4	TP53
2b54d668-7585-4bf4-9fdd-aea3c5cd4fa4	TP53
2b54d668-7585-4bf4-9fdd-aea3c5cd4fa4	TMPRSS2
2b54d668-7585-4bf4-9fdd-aea3c5cd4fa4	TMPRSS2
2b54d668-7585-4bf4-9fdd-aea3c5cd4fa4	ETV4
2b54d668-7585-4bf4-9fdd-aea3c5cd4fa4	EHHADH
2b54d668-7585-4bf4-9fdd-aea3c5cd4fa4	ERG
2b54d668-7585-4bf4-9fdd-aea3c5cd4fa4	TMPRSS2
2b54d668-7585-4bf4-9fdd-aea3c5cd4fa4	ERG
2b54d668-7585-4bf4-9fdd-aea3c5cd4fa4	TMPRSS2
2b54d668-7585-4bf4-9fdd-aea3c5cd4fa4	EHHADH
2c9c50ff-01d9-4703-931b-04119178706f	PTEN
2c9c50ff-01d9-4703-931b-04119178706f	USP28
2c9c50ff-01d9-4703-931b-04119178706f	TTC28
2c9c50ff-01d9-4703-931b-04119178706f	TTC28
2c9c50ff-01d9-4703-931b-04119178706f	ERG
2c9c50ff-01d9-4703-931b-04119178706f	ERG
2c9c50ff-01d9-4703-931b-04119178706f	TMPRSS2
2c9c50ff-01d9-4703-931b-04119178706f	TMPRSS2
2c9c50ff-01d9-4703-931b-04119178706f	TMPRSS2
2c9c50ff-01d9-4703-931b-04119178706f	TMPRSS2
2c9c50ff-01d9-4703-931b-04119178706f	TTC28
2ea2294d-fab9-43ae-a222-370487495b06	PTPRD
2ea2294d-fab9-43ae-a222-370487495b06	PTPRD
2f79fe89-9d24-4fbe-ba5b-0ff6c3c4d663	TP53
2f79fe89-9d24-4fbe-ba5b-0ff6c3c4d663	TP53
2f79fe89-9d24-4fbe-ba5b-0ff6c3c4d663	TMPRSS2
2f79fe89-9d24-4fbe-ba5b-0ff6c3c4d663	TMPRSS2
2f79fe89-9d24-4fbe-ba5b-0ff6c3c4d663	ETV4
2f79fe89-9d24-4fbe-ba5b-0ff6c3c4d663	ERG
2f79fe89-9d24-4fbe-ba5b-0ff6c3c4d663	TMPRSS2
2f79fe89-9d24-4fbe-ba5b-0ff6c3c4d663	ERG
2f79fe89-9d24-4fbe-ba5b-0ff6c3c4d663	TMPRSS2
2f79fe89-9d24-4fbe-ba5b-0ff6c3c4d663	LSAMP
304c3e10-583c-421d-ab01-15c937d5014a	ZFHX3
304c3e10-583c-421d-ab01-15c937d5014a	ZFHX3
304c3e10-583c-421d-ab01-15c937d5014a	TMPRSS2
304c3e10-583c-421d-ab01-15c937d5014a	TMPRSS2
304c3e10-583c-421d-ab01-15c937d5014a	ERG
304c3e10-583c-421d-ab01-15c937d5014a	SLC4A2
304c3e10-583c-421d-ab01-15c937d5014a	KMT2C
32d8c373-b5c8-420b-9808-8812b5501649	PTEN
32d8c373-b5c8-420b-9808-8812b5501649	MAP2K1
32d8c373-b5c8-420b-9808-8812b5501649	NCOR1
32d8c373-b5c8-420b-9808-8812b5501649	MAP2K1
32d8c373-b5c8-420b-9808-8812b5501649	NCOR1
32d8c373-b5c8-420b-9808-8812b5501649	ERG
32d8c373-b5c8-420b-9808-8812b5501649	TMPRSS2
339a2c94-55c9-4113-a706-b0971fa2784f	ZFHX3
339a2c94-55c9-4113-a706-b0971fa2784f	TMPRSS2
339a2c94-55c9-4113-a706-b0971fa2784f	TMPRSS2
339a2c94-55c9-4113-a706-b0971fa2784f	ERG
339a2c94-55c9-4113-a706-b0971fa2784f	ERG
339a2c94-55c9-4113-a706-b0971fa2784f	ERG
339a2c94-55c9-4113-a706-b0971fa2784f	ERG
339a2c94-55c9-4113-a706-b0971fa2784f	ERG
33de44a2-bec1-402d-872c-d78c1f2d52b3	ELK4
33de44a2-bec1-402d-872c-d78c1f2d52b3	ERG
33de44a2-bec1-402d-872c-d78c1f2d52b3	ASXL2
35553150-e4ef-4539-b220-259f2d634bd7	ELK4
35553150-e4ef-4539-b220-259f2d634bd7	ELK4
35553150-e4ef-4539-b220-259f2d634bd7	PTEN
35553150-e4ef-4539-b220-259f2d634bd7	PTEN
35553150-e4ef-4539-b220-259f2d634bd7	ADAMTS8
35553150-e4ef-4539-b220-259f2d634bd7	TP53
35553150-e4ef-4539-b220-259f2d634bd7	TMPRSS2
35553150-e4ef-4539-b220-259f2d634bd7	ERG
35553150-e4ef-4539-b220-259f2d634bd7	ERG
35553150-e4ef-4539-b220-259f2d634bd7	TMPRSS2
36962459-e81f-4b8c-a08d-df60ef3283a3	ERG
36962459-e81f-4b8c-a08d-df60ef3283a3	TMPRSS2
36962459-e81f-4b8c-a08d-df60ef3283a3	SEL1L3
39aee9fc-fa27-4b71-b9e8-43ff34bd3930	ERG
39aee9fc-fa27-4b71-b9e8-43ff34bd3930	TMPRSS2
39aee9fc-fa27-4b71-b9e8-43ff34bd3930	TMPRSS2
39aee9fc-fa27-4b71-b9e8-43ff34bd3930	TMPRSS2
39aee9fc-fa27-4b71-b9e8-43ff34bd3930	TMPRSS2
39aee9fc-fa27-4b71-b9e8-43ff34bd3930	TMPRSS2
39aee9fc-fa27-4b71-b9e8-43ff34bd3930	TMPRSS2
39aee9fc-fa27-4b71-b9e8-43ff34bd3930	TMPRSS2
39aee9fc-fa27-4b71-b9e8-43ff34bd3930	TMPRSS2
39aee9fc-fa27-4b71-b9e8-43ff34bd3930	TMPRSS2
39aee9fc-fa27-4b71-b9e8-43ff34bd3930	TMPRSS2
39aee9fc-fa27-4b71-b9e8-43ff34bd3930	TMPRSS2
39e32615-0160-4f13-b330-50748f5d87ed	PTEN
3b8ab548-6669-4142-9612-cafded0d7a23	ERG
3b8ab548-6669-4142-9612-cafded0d7a23	TMPRSS2
3b8ab548-6669-4142-9612-cafded0d7a23	PTPRD
3b8ab548-6669-4142-9612-cafded0d7a23	PTPRD
3e7a30e6-2202-40bd-bfc1-0383604050da	SF3B1
3e86e68b-d083-4450-b056-4cd0f8d4a084	TCF12
3e86e68b-d083-4450-b056-4cd0f8d4a084	TCF12
3e86e68b-d083-4450-b056-4cd0f8d4a084	ERG
3e86e68b-d083-4450-b056-4cd0f8d4a084	TMPRSS2
41027c0b-85af-4c78-bba0-0da63cd75fa9	PTEN
41027c0b-85af-4c78-bba0-0da63cd75fa9	PTEN
41027c0b-85af-4c78-bba0-0da63cd75fa9	IDH1
41027c0b-85af-4c78-bba0-0da63cd75fa9	ZNRF3
41027c0b-85af-4c78-bba0-0da63cd75fa9	TP53
41027c0b-85af-4c78-bba0-0da63cd75fa9	ERG
41027c0b-85af-4c78-bba0-0da63cd75fa9	TMPRSS2
41027c0b-85af-4c78-bba0-0da63cd75fa9	PRKDC
41c565a9-d44a-447f-85c0-98f23bfee1b3	TMPRSS2
41c565a9-d44a-447f-85c0-98f23bfee1b3	ERG
41c565a9-d44a-447f-85c0-98f23bfee1b3	BRCA1
41c565a9-d44a-447f-85c0-98f23bfee1b3	ERG
41c565a9-d44a-447f-85c0-98f23bfee1b3	TMPRSS2
42a548f0-d86a-4273-8bda-be0fe6a53b20	JAK1
42a548f0-d86a-4273-8bda-be0fe6a53b20	JAK1
43b675e0-22e0-42d6-a060-afc93e22ac95	PTEN
43b675e0-22e0-42d6-a060-afc93e22ac95	BRCA2
43b675e0-22e0-42d6-a060-afc93e22ac95	ERG
43b675e0-22e0-42d6-a060-afc93e22ac95	TMPRSS2
44083f54-0953-48e3-a704-11ad0988ad2e	CDKN2A
44083f54-0953-48e3-a704-11ad0988ad2e	FER
44083f54-0953-48e3-a704-11ad0988ad2e	FER
44083f54-0953-48e3-a704-11ad0988ad2e	FER
44083f54-0953-48e3-a704-11ad0988ad2e	FER
44083f54-0953-48e3-a704-11ad0988ad2e	FER
44083f54-0953-48e3-a704-11ad0988ad2e	FER
4508ce0a-5a2e-4502-98e9-2fd76c4eebef	ERG
45d0ccb2-641f-4348-b3a8-61f4113cd85b	ASXL2
45d0ccb2-641f-4348-b3a8-61f4113cd85b	CHD3
45d0ccb2-641f-4348-b3a8-61f4113cd85b	CHD3
45d0ccb2-641f-4348-b3a8-61f4113cd85b	ASXL2
45d0ccb2-641f-4348-b3a8-61f4113cd85b	ASXL2
45d0ccb2-641f-4348-b3a8-61f4113cd85b	ERG
45d0ccb2-641f-4348-b3a8-61f4113cd85b	TMPRSS2
45d0ccb2-641f-4348-b3a8-61f4113cd85b	TMPRSS2
45d0ccb2-641f-4348-b3a8-61f4113cd85b	TMPRSS2
475bca00-9089-4f50-8638-4e5e8aca6dcd	ERG
475bca00-9089-4f50-8638-4e5e8aca6dcd	ELK4
475bca00-9089-4f50-8638-4e5e8aca6dcd	ELK4
475bca00-9089-4f50-8638-4e5e8aca6dcd	ELK4
475bca00-9089-4f50-8638-4e5e8aca6dcd	ELK4
475bca00-9089-4f50-8638-4e5e8aca6dcd	ELK4
475bca00-9089-4f50-8638-4e5e8aca6dcd	ERG
48c33a30-557b-4ecf-8066-5b4b068b5e3a	ARID4A
48c33a30-557b-4ecf-8066-5b4b068b5e3a	ARID4A
48c33a30-557b-4ecf-8066-5b4b068b5e3a	LSAMP
48c33a30-557b-4ecf-8066-5b4b068b5e3a	PDS5A
4b44b313-6f74-4233-bec4-7e41c91c77f1	TMPRSS2
4b44b313-6f74-4233-bec4-7e41c91c77f1	MIRLET7BHG
4c5228b5-bf31-4abd-a47c-d088e16dba13	PTEN
4c5228b5-bf31-4abd-a47c-d088e16dba13	PTEN
4c5228b5-bf31-4abd-a47c-d088e16dba13	TMPRSS2
4c755527-3b5d-4d36-822d-990aa1003d6a	ERG
4c755527-3b5d-4d36-822d-990aa1003d6a	ERG
4d11d7da-1204-437e-87b1-e8337a67c9a8	PTEN
4d11d7da-1204-437e-87b1-e8337a67c9a8	PTEN
4d11d7da-1204-437e-87b1-e8337a67c9a8	PTEN
4d11d7da-1204-437e-87b1-e8337a67c9a8	PTEN
4d11d7da-1204-437e-87b1-e8337a67c9a8	PTEN
4d11d7da-1204-437e-87b1-e8337a67c9a8	FOXA1
4d11d7da-1204-437e-87b1-e8337a67c9a8	ERG
4d11d7da-1204-437e-87b1-e8337a67c9a8	TMPRSS2
4d11d7da-1204-437e-87b1-e8337a67c9a8	TMPRSS2
4d11d7da-1204-437e-87b1-e8337a67c9a8	IGF2R
4d11d7da-1204-437e-87b1-e8337a67c9a8	IGF2R
4eac784b-084a-4106-9a76-2d9fbec57033	ERG
4eac784b-084a-4106-9a76-2d9fbec57033	TMPRSS2
4eac784b-084a-4106-9a76-2d9fbec57033	ERG
4eac784b-084a-4106-9a76-2d9fbec57033	TMPRSS2
4eac784b-084a-4106-9a76-2d9fbec57033	PTPRD
4eac784b-084a-4106-9a76-2d9fbec57033	PTPRD
4eac784b-084a-4106-9a76-2d9fbec57033	PTPRD
4eac784b-084a-4106-9a76-2d9fbec57033	PTPRD
4eac784b-084a-4106-9a76-2d9fbec57033	PTPRD
51adf6cf-f422-4d7e-aa46-cc9bf0ef8693	LSAMP
51adf6cf-f422-4d7e-aa46-cc9bf0ef8693	LSAMP
51adf6cf-f422-4d7e-aa46-cc9bf0ef8693	IL6ST
51adf6cf-f422-4d7e-aa46-cc9bf0ef8693	IL6ST
51adf6cf-f422-4d7e-aa46-cc9bf0ef8693	IL6ST
51adf6cf-f422-4d7e-aa46-cc9bf0ef8693	WRN
54319e3d-c28f-4ba1-9c87-299d303e4de3	ERG
54319e3d-c28f-4ba1-9c87-299d303e4de3	TMPRSS2
551d5082-ab6a-4674-af0d-ce408f589949	CHD1
597e4011-ea99-4356-b1d9-8cfe35db7c3b	PTPRD
597e4011-ea99-4356-b1d9-8cfe35db7c3b	PTPRD
597e4011-ea99-4356-b1d9-8cfe35db7c3b	PTPRD
59938f45-3e57-43d6-af3b-bb4968249e5a	PTEN
59938f45-3e57-43d6-af3b-bb4968249e5a	ERG
59938f45-3e57-43d6-af3b-bb4968249e5a	ERG
59938f45-3e57-43d6-af3b-bb4968249e5a	TMPRSS2
59938f45-3e57-43d6-af3b-bb4968249e5a	ZFHX3
59938f45-3e57-43d6-af3b-bb4968249e5a	ZFHX3
59938f45-3e57-43d6-af3b-bb4968249e5a	ZFHX3
59938f45-3e57-43d6-af3b-bb4968249e5a	CDK12
59938f45-3e57-43d6-af3b-bb4968249e5a	ERG
59938f45-3e57-43d6-af3b-bb4968249e5a	TMPRSS2
59938f45-3e57-43d6-af3b-bb4968249e5a	TMPRSS2
59938f45-3e57-43d6-af3b-bb4968249e5a	ETV1
59938f45-3e57-43d6-af3b-bb4968249e5a	ETV1
59c18694-8a43-41dd-a6f6-52a20bc8dd54	ERG
59c18694-8a43-41dd-a6f6-52a20bc8dd54	TMPRSS2
59c18694-8a43-41dd-a6f6-52a20bc8dd54	ERG
59c18694-8a43-41dd-a6f6-52a20bc8dd54	TMPRSS2
59c18694-8a43-41dd-a6f6-52a20bc8dd54	PRKDC
5c8da06c-7964-4ad1-ac9e-d1b5507105d2	TP53
5c8da06c-7964-4ad1-ac9e-d1b5507105d2	ERG
5c8da06c-7964-4ad1-ac9e-d1b5507105d2	TMPRSS2
5c8da06c-7964-4ad1-ac9e-d1b5507105d2	ERG
5c8da06c-7964-4ad1-ac9e-d1b5507105d2	TMPRSS2
5c8da06c-7964-4ad1-ac9e-d1b5507105d2	ERG
5c8da06c-7964-4ad1-ac9e-d1b5507105d2	ERG
5c8da06c-7964-4ad1-ac9e-d1b5507105d2	ERG
5c8da06c-7964-4ad1-ac9e-d1b5507105d2	TMPRSS2
5c8da06c-7964-4ad1-ac9e-d1b5507105d2	TMPRSS2
5c8da06c-7964-4ad1-ac9e-d1b5507105d2	TMPRSS2
5c8da06c-7964-4ad1-ac9e-d1b5507105d2	TMPRSS2
5c8da06c-7964-4ad1-ac9e-d1b5507105d2	TMPRSS2
5c8da06c-7964-4ad1-ac9e-d1b5507105d2	TMPRSS2
5c8da06c-7964-4ad1-ac9e-d1b5507105d2	TMPRSS2
5c8da06c-7964-4ad1-ac9e-d1b5507105d2	TMPRSS2
5c8da06c-7964-4ad1-ac9e-d1b5507105d2	PTPRD
5c8da06c-7964-4ad1-ac9e-d1b5507105d2	PTPRD
5d6ad982-bb01-4233-b8fa-d129460eec79	ARID1A
5d6ad982-bb01-4233-b8fa-d129460eec79	ARID1A
5d6ad982-bb01-4233-b8fa-d129460eec79	ATM
5d6ad982-bb01-4233-b8fa-d129460eec79	ERG
5d6ad982-bb01-4233-b8fa-d129460eec79	TMPRSS2
5d6ad982-bb01-4233-b8fa-d129460eec79	ERG
5d6ad982-bb01-4233-b8fa-d129460eec79	AXIN2
5d6ad982-bb01-4233-b8fa-d129460eec79	TMPRSS2
61973578-4c0d-4a3f-b9c4-f96ceab24629	ERG
61973578-4c0d-4a3f-b9c4-f96ceab24629	TMPRSS2
61973578-4c0d-4a3f-b9c4-f96ceab24629	ERG
61973578-4c0d-4a3f-b9c4-f96ceab24629	TMPRSS2
61973578-4c0d-4a3f-b9c4-f96ceab24629	LSAMP
61973578-4c0d-4a3f-b9c4-f96ceab24629	LSAMP
61973578-4c0d-4a3f-b9c4-f96ceab24629	LSAMP
61973578-4c0d-4a3f-b9c4-f96ceab24629	LSAMP
61973578-4c0d-4a3f-b9c4-f96ceab24629	LSAMP
61973578-4c0d-4a3f-b9c4-f96ceab24629	PTPRD
61973578-4c0d-4a3f-b9c4-f96ceab24629	PTPRD
61973578-4c0d-4a3f-b9c4-f96ceab24629	PTPRD
61973578-4c0d-4a3f-b9c4-f96ceab24629	PTPRD
61973578-4c0d-4a3f-b9c4-f96ceab24629	PTPRD
61973578-4c0d-4a3f-b9c4-f96ceab24629	PTPRD
61a48c69-4f7d-4dc6-aff7-88a6c33137df	GPR19
61d941f1-87df-43af-8a29-b6809c809275	PTEN
61d941f1-87df-43af-8a29-b6809c809275	PTEN
61d941f1-87df-43af-8a29-b6809c809275	TCF12
61d941f1-87df-43af-8a29-b6809c809275	TMPRSS2
61d941f1-87df-43af-8a29-b6809c809275	ERG
61d941f1-87df-43af-8a29-b6809c809275	ERG
61d941f1-87df-43af-8a29-b6809c809275	TMPRSS2
6218f366-d5d2-4289-a95e-eeedfae7523a	PTEN
6218f366-d5d2-4289-a95e-eeedfae7523a	ZFHX3
6218f366-d5d2-4289-a95e-eeedfae7523a	ERG
6218f366-d5d2-4289-a95e-eeedfae7523a	ERG
6218f366-d5d2-4289-a95e-eeedfae7523a	ERG
6218f366-d5d2-4289-a95e-eeedfae7523a	TMPRSS2
6218f366-d5d2-4289-a95e-eeedfae7523a	LSAMP
6218f366-d5d2-4289-a95e-eeedfae7523a	LSAMP
6218f366-d5d2-4289-a95e-eeedfae7523a	LSAMP
6218f366-d5d2-4289-a95e-eeedfae7523a	CHD7
63faa59e-6649-412e-823a-338d0662ec72	ERG
63faa59e-6649-412e-823a-338d0662ec72	TMPRSS2
63faa59e-6649-412e-823a-338d0662ec72	TMPRSS2
63faa59e-6649-412e-823a-338d0662ec72	ERG
63faa59e-6649-412e-823a-338d0662ec72	ERG
63faa59e-6649-412e-823a-338d0662ec72	ERG
63faa59e-6649-412e-823a-338d0662ec72	ERG
63faa59e-6649-412e-823a-338d0662ec72	ERG
6947cd78-0a51-4949-8383-343f9122d953	PTEN
6947cd78-0a51-4949-8383-343f9122d953	TMPRSS2
6947cd78-0a51-4949-8383-343f9122d953	PTEN
6947cd78-0a51-4949-8383-343f9122d953	ERG
6947cd78-0a51-4949-8383-343f9122d953	TMPRSS2
6947cd78-0a51-4949-8383-343f9122d953	TMPRSS2
69dbe6ef-f5de-4c1f-b2f2-963dcb6ccd3e	TMPRSS2
69dbe6ef-f5de-4c1f-b2f2-963dcb6ccd3e	ERG
69dbe6ef-f5de-4c1f-b2f2-963dcb6ccd3e	MRE11
69dbe6ef-f5de-4c1f-b2f2-963dcb6ccd3e	RAD51B
69dbe6ef-f5de-4c1f-b2f2-963dcb6ccd3e	RAD51B
69dbe6ef-f5de-4c1f-b2f2-963dcb6ccd3e	TTC28
69dbe6ef-f5de-4c1f-b2f2-963dcb6ccd3e	ERG
69dbe6ef-f5de-4c1f-b2f2-963dcb6ccd3e	TMPRSS2
69dbe6ef-f5de-4c1f-b2f2-963dcb6ccd3e	ERG
69dbe6ef-f5de-4c1f-b2f2-963dcb6ccd3e	TMPRSS2
69dbe6ef-f5de-4c1f-b2f2-963dcb6ccd3e	TMPRSS2
69dbe6ef-f5de-4c1f-b2f2-963dcb6ccd3e	TTC28
6d0851ba-271a-408f-bcc3-c104b452c9e5	TMPRSS2
6d0851ba-271a-408f-bcc3-c104b452c9e5	TMPRSS2
6d0851ba-271a-408f-bcc3-c104b452c9e5	TMPRSS2
6d0851ba-271a-408f-bcc3-c104b452c9e5	ERG
6d0851ba-271a-408f-bcc3-c104b452c9e5	TMPRSS2
6d0851ba-271a-408f-bcc3-c104b452c9e5	ERG
6d0851ba-271a-408f-bcc3-c104b452c9e5	TMPRSS2
6d325c96-8f5c-4064-9806-4364016da8a4	ERG
6d325c96-8f5c-4064-9806-4364016da8a4	TMPRSS2
6d936ef9-b5df-44d3-831f-528bf8ddc131	RSPO2
6fe135ef-54b4-4941-9bb9-872dc4d18d9f	ZNRF3
6fe135ef-54b4-4941-9bb9-872dc4d18d9f	TMPRSS2
6fe135ef-54b4-4941-9bb9-872dc4d18d9f	ZNRF3
6ff16b0d-5966-4119-9bec-c9ebff804a37	ERG
6ff16b0d-5966-4119-9bec-c9ebff804a37	TMPRSS2
7181dd10-1371-4cb6-9219-a9542c62b854	NCOR2
7181dd10-1371-4cb6-9219-a9542c62b854	ERG
7181dd10-1371-4cb6-9219-a9542c62b854	TMPRSS2
7303f9fe-88bb-48ba-b9b4-ebf9e4770c1c	ERF
734a8251-9ecc-47f5-835f-846b67693ca6	ERG
734a8251-9ecc-47f5-835f-846b67693ca6	TMPRSS2
734a8251-9ecc-47f5-835f-846b67693ca6	ERG
734a8251-9ecc-47f5-835f-846b67693ca6	ERG
734a8251-9ecc-47f5-835f-846b67693ca6	ERG
734a8251-9ecc-47f5-835f-846b67693ca6	TMPRSS2
734a8251-9ecc-47f5-835f-846b67693ca6	TMPRSS2
734a8251-9ecc-47f5-835f-846b67693ca6	TMPRSS2
734a8251-9ecc-47f5-835f-846b67693ca6	MIRLET7BHG
734a8251-9ecc-47f5-835f-846b67693ca6	MIRLET7BHG
73f7718b-f9b1-4a63-a561-0c9cc2abeb9f	ELK4
73f7718b-f9b1-4a63-a561-0c9cc2abeb9f	ELK4
73f7718b-f9b1-4a63-a561-0c9cc2abeb9f	BRAF
73f7718b-f9b1-4a63-a561-0c9cc2abeb9f	ELK4
73f7718b-f9b1-4a63-a561-0c9cc2abeb9f	BRAF
74db46a8-a499-4951-af33-1d53b7d1c9b4	ERG
74db46a8-a499-4951-af33-1d53b7d1c9b4	TMPRSS2
74db46a8-a499-4951-af33-1d53b7d1c9b4	ERG
74db46a8-a499-4951-af33-1d53b7d1c9b4	TMPRSS2
769e2ac9-a121-4b2a-a0fd-5f755b579811	ERG
769e2ac9-a121-4b2a-a0fd-5f755b579811	TMPRSS2
783579bd-e29d-457c-8236-1a80b557600c	CHD1
783579bd-e29d-457c-8236-1a80b557600c	PTPRD
783579bd-e29d-457c-8236-1a80b557600c	PTPRD
79914ce9-04d8-4b0d-9f16-2e528044966e	PTEN
79914ce9-04d8-4b0d-9f16-2e528044966e	CDK12
79914ce9-04d8-4b0d-9f16-2e528044966e	PTEN
79914ce9-04d8-4b0d-9f16-2e528044966e	CDK12
79914ce9-04d8-4b0d-9f16-2e528044966e	PTEN
79914ce9-04d8-4b0d-9f16-2e528044966e	PTEN
79914ce9-04d8-4b0d-9f16-2e528044966e	CDK12
79914ce9-04d8-4b0d-9f16-2e528044966e	RNF43
79914ce9-04d8-4b0d-9f16-2e528044966e	ERG
79914ce9-04d8-4b0d-9f16-2e528044966e	TMPRSS2
7a95af21-ca7c-4596-9c83-66d11ca0c417	NF1
7a95af21-ca7c-4596-9c83-66d11ca0c417	ETV4
7a95af21-ca7c-4596-9c83-66d11ca0c417	ERG
7a95af21-ca7c-4596-9c83-66d11ca0c417	TMPRSS2
7ae9b843-488f-459c-8c0d-c81dcae57f99	PTPRD
7ae9b843-488f-459c-8c0d-c81dcae57f99	PTPRD
7d6fb1a7-7742-4b8c-9903-abff706240b5	RB1
7d6fb1a7-7742-4b8c-9903-abff706240b5	RB1
7d6fb1a7-7742-4b8c-9903-abff706240b5	RB1
7d6fb1a7-7742-4b8c-9903-abff706240b5	TP53
7d6fb1a7-7742-4b8c-9903-abff706240b5	TP53
7d6fb1a7-7742-4b8c-9903-abff706240b5	TMPRSS2
7d6fb1a7-7742-4b8c-9903-abff706240b5	TMPRSS2
7d6fb1a7-7742-4b8c-9903-abff706240b5	ETV4
7d6fb1a7-7742-4b8c-9903-abff706240b5	ERG
7d6fb1a7-7742-4b8c-9903-abff706240b5	TMPRSS2
7d6fb1a7-7742-4b8c-9903-abff706240b5	ERG
7d6fb1a7-7742-4b8c-9903-abff706240b5	TMPRSS2
7d6fb1a7-7742-4b8c-9903-abff706240b5	LSAMP
7dd2dc62-0eb4-4d45-86f1-e9e9377181ca	KMT2C
7dd2dc62-0eb4-4d45-86f1-e9e9377181ca	KMT2C
7e10e325-16d2-42df-b957-df4d3a9477d0	RB1
7e10e325-16d2-42df-b957-df4d3a9477d0	RB1
7e10e325-16d2-42df-b957-df4d3a9477d0	RB1
7e10e325-16d2-42df-b957-df4d3a9477d0	TP53
7e10e325-16d2-42df-b957-df4d3a9477d0	TP53
7e10e325-16d2-42df-b957-df4d3a9477d0	TMPRSS2
7e10e325-16d2-42df-b957-df4d3a9477d0	TMPRSS2
7e10e325-16d2-42df-b957-df4d3a9477d0	ERG
7e10e325-16d2-42df-b957-df4d3a9477d0	TMPRSS2
7e10e325-16d2-42df-b957-df4d3a9477d0	ERG
7e10e325-16d2-42df-b957-df4d3a9477d0	TMPRSS2
7e10e325-16d2-42df-b957-df4d3a9477d0	LSAMP
7e4d570e-f26b-41fb-84c5-2a6f7d668bb5	PTPRD
7e4d570e-f26b-41fb-84c5-2a6f7d668bb5	PTPRD
7e4d570e-f26b-41fb-84c5-2a6f7d668bb5	PTPRD
7e4d570e-f26b-41fb-84c5-2a6f7d668bb5	PTPRD
7e4d570e-f26b-41fb-84c5-2a6f7d668bb5	PTPRD
7fe96e71-436d-49d4-9e47-e104e1203568	PTEN
7fe96e71-436d-49d4-9e47-e104e1203568	PTEN
7fe96e71-436d-49d4-9e47-e104e1203568	PTEN
7fe96e71-436d-49d4-9e47-e104e1203568	PTEN
7fe96e71-436d-49d4-9e47-e104e1203568	TMPRSS2
7fe96e71-436d-49d4-9e47-e104e1203568	TMPRSS2
7fe96e71-436d-49d4-9e47-e104e1203568	ERG
7fe96e71-436d-49d4-9e47-e104e1203568	TMPRSS2
7fe96e71-436d-49d4-9e47-e104e1203568	ERG
7fe96e71-436d-49d4-9e47-e104e1203568	TMPRSS2
836ec5a5-e385-4236-83e7-2641ee35db7f	ERG
836ec5a5-e385-4236-83e7-2641ee35db7f	ERG
836ec5a5-e385-4236-83e7-2641ee35db7f	TMPRSS2
836ec5a5-e385-4236-83e7-2641ee35db7f	TMPRSS2
836ec5a5-e385-4236-83e7-2641ee35db7f	TMPRSS2
836ec5a5-e385-4236-83e7-2641ee35db7f	TMPRSS2
836ec5a5-e385-4236-83e7-2641ee35db7f	PTPRD
836ec5a5-e385-4236-83e7-2641ee35db7f	PTPRD
84aa2983-714b-49fd-af93-f18ed4d6a6cb	RAD51B
84ae4dd8-f661-46aa-9892-69742e2f3542	PTEN
84ae4dd8-f661-46aa-9892-69742e2f3542	PTEN
84ae4dd8-f661-46aa-9892-69742e2f3542	USP28
84ae4dd8-f661-46aa-9892-69742e2f3542	ERG
84ae4dd8-f661-46aa-9892-69742e2f3542	ERG
84ae4dd8-f661-46aa-9892-69742e2f3542	TMPRSS2
84ae4dd8-f661-46aa-9892-69742e2f3542	PIK3R1
86874a67-aa86-45f1-be32-3b2722ebedec	PTEN
86874a67-aa86-45f1-be32-3b2722ebedec	PTEN
86874a67-aa86-45f1-be32-3b2722ebedec	PTEN
86874a67-aa86-45f1-be32-3b2722ebedec	PTEN
86874a67-aa86-45f1-be32-3b2722ebedec	NCOR1
86874a67-aa86-45f1-be32-3b2722ebedec	NCOR1
86874a67-aa86-45f1-be32-3b2722ebedec	ERG
8689b53c-8883-479c-85f6-d13b86272b5d	ATR
8689b53c-8883-479c-85f6-d13b86272b5d	ATR
8689b53c-8883-479c-85f6-d13b86272b5d	CHD1
8689b53c-8883-479c-85f6-d13b86272b5d	CHD1
8689b53c-8883-479c-85f6-d13b86272b5d	WRN
87e1ffee-a8cd-4d75-937e-ed415cf43546	ETV4
87e1ffee-a8cd-4d75-937e-ed415cf43546	LSAMP
87e1ffee-a8cd-4d75-937e-ed415cf43546	LSAMP
87e1ffee-a8cd-4d75-937e-ed415cf43546	IL6ST
887616c5-06a7-4e83-948c-3546202349fb	NF1
887616c5-06a7-4e83-948c-3546202349fb	NF1
887616c5-06a7-4e83-948c-3546202349fb	PTEN
887616c5-06a7-4e83-948c-3546202349fb	TMPRSS2
887616c5-06a7-4e83-948c-3546202349fb	NF1
887616c5-06a7-4e83-948c-3546202349fb	MIRLET7BHG
887616c5-06a7-4e83-948c-3546202349fb	ERG
887616c5-06a7-4e83-948c-3546202349fb	TMPRSS2
887616c5-06a7-4e83-948c-3546202349fb	ERG
887616c5-06a7-4e83-948c-3546202349fb	TMPRSS2
887616c5-06a7-4e83-948c-3546202349fb	TMPRSS2
887616c5-06a7-4e83-948c-3546202349fb	TMPRSS2
887616c5-06a7-4e83-948c-3546202349fb	MIRLET7BHG
8bbe4006-be0a-4cd5-91f6-529100d4f06e	TMPRSS2
8bbe4006-be0a-4cd5-91f6-529100d4f06e	ASXL2
8bbe4006-be0a-4cd5-91f6-529100d4f06e	ASXL2
8bbe4006-be0a-4cd5-91f6-529100d4f06e	ERG
8bbe4006-be0a-4cd5-91f6-529100d4f06e	TMPRSS2
8bbe4006-be0a-4cd5-91f6-529100d4f06e	LSAMP
8bbe4006-be0a-4cd5-91f6-529100d4f06e	LSAMP
8bbe4006-be0a-4cd5-91f6-529100d4f06e	LSAMP
8bbe4006-be0a-4cd5-91f6-529100d4f06e	LSAMP
8bbe4006-be0a-4cd5-91f6-529100d4f06e	WRN
8c0a7dfa-6ec3-4262-b718-c3605722df37	PTEN
8c0a7dfa-6ec3-4262-b718-c3605722df37	ERG
8c0a7dfa-6ec3-4262-b718-c3605722df37	TMPRSS2
8c0a7dfa-6ec3-4262-b718-c3605722df37	PRKDC
8c0a7dfa-6ec3-4262-b718-c3605722df37	PRKDC
8c0a7dfa-6ec3-4262-b718-c3605722df37	PRKDC
8c0a7dfa-6ec3-4262-b718-c3605722df37	PRKDC
8c0a7dfa-6ec3-4262-b718-c3605722df37	PTPRD
8c0a7dfa-6ec3-4262-b718-c3605722df37	PTPRD
8c850df7-d48e-4386-b3a5-cac5da865ea5	CDKN1B
8c850df7-d48e-4386-b3a5-cac5da865ea5	NF1
8e7fe8bb-6b3d-428f-a232-97e6042a0f39	PTEN
8e7fe8bb-6b3d-428f-a232-97e6042a0f39	ZBTB16
8e7fe8bb-6b3d-428f-a232-97e6042a0f39	USP28
8e7fe8bb-6b3d-428f-a232-97e6042a0f39	USP28
8e7fe8bb-6b3d-428f-a232-97e6042a0f39	USP28
8e7fe8bb-6b3d-428f-a232-97e6042a0f39	USP28
8e7fe8bb-6b3d-428f-a232-97e6042a0f39	USP28
8e7fe8bb-6b3d-428f-a232-97e6042a0f39	USP28
8e7fe8bb-6b3d-428f-a232-97e6042a0f39	ERG
8e7fe8bb-6b3d-428f-a232-97e6042a0f39	TMPRSS2
90fd404b-f734-41ed-a601-0f30e43625fc	ZFHX3
90fd404b-f734-41ed-a601-0f30e43625fc	TMPRSS2
90fd404b-f734-41ed-a601-0f30e43625fc	TMPRSS2
90fd404b-f734-41ed-a601-0f30e43625fc	TMPRSS2
90fd404b-f734-41ed-a601-0f30e43625fc	TMPRSS2
90fd404b-f734-41ed-a601-0f30e43625fc	BRPF1
95730d8b-327a-402c-a8bf-d71370f777a7	PTEN
95730d8b-327a-402c-a8bf-d71370f777a7	PTEN
95730d8b-327a-402c-a8bf-d71370f777a7	ERG
95730d8b-327a-402c-a8bf-d71370f777a7	TMPRSS2
95730d8b-327a-402c-a8bf-d71370f777a7	TTC28
96b67289-9c42-402b-8e30-9efb4d512bef	TMPRSS2
96b67289-9c42-402b-8e30-9efb4d512bef	TMPRSS2
96b67289-9c42-402b-8e30-9efb4d512bef	NF1
96b67289-9c42-402b-8e30-9efb4d512bef	NCOR1
96b67289-9c42-402b-8e30-9efb4d512bef	NCOR1
96b67289-9c42-402b-8e30-9efb4d512bef	NCOR1
96b67289-9c42-402b-8e30-9efb4d512bef	NCOR1
96b67289-9c42-402b-8e30-9efb4d512bef	NCOR1
96b67289-9c42-402b-8e30-9efb4d512bef	NCOR1
96b67289-9c42-402b-8e30-9efb4d512bef	NF1
96b67289-9c42-402b-8e30-9efb4d512bef	ERG
96b67289-9c42-402b-8e30-9efb4d512bef	TMPRSS2
96b67289-9c42-402b-8e30-9efb4d512bef	TMPRSS2
982b58c4-02b3-4e7d-8af0-4b133d0c7e50	ASXL2
982b58c4-02b3-4e7d-8af0-4b133d0c7e50	ZFP36L2
982b58c4-02b3-4e7d-8af0-4b133d0c7e50	PTPRD
982b58c4-02b3-4e7d-8af0-4b133d0c7e50	PTPRD
982b58c4-02b3-4e7d-8af0-4b133d0c7e50	SMARCA1
98f54445-b151-4aeb-b8cf-91d743ba066e	PTEN
98f54445-b151-4aeb-b8cf-91d743ba066e	PTEN
98f54445-b151-4aeb-b8cf-91d743ba066e	TMPRSS2
98f54445-b151-4aeb-b8cf-91d743ba066e	TMPRSS2
98f54445-b151-4aeb-b8cf-91d743ba066e	ERG
98f54445-b151-4aeb-b8cf-91d743ba066e	TMPRSS2
9cdb1905-8b0f-48bd-ba37-11e7ac9646a0	PTEN
9cdb1905-8b0f-48bd-ba37-11e7ac9646a0	ERG
9cdb1905-8b0f-48bd-ba37-11e7ac9646a0	TMPRSS2
9e272bea-9193-4c10-a802-f7e18b2937a3	ATM
9e272bea-9193-4c10-a802-f7e18b2937a3	ATM
9e272bea-9193-4c10-a802-f7e18b2937a3	ATM
9e272bea-9193-4c10-a802-f7e18b2937a3	APC
9e272bea-9193-4c10-a802-f7e18b2937a3	APC
9e272bea-9193-4c10-a802-f7e18b2937a3	CHD1
9e272bea-9193-4c10-a802-f7e18b2937a3	CHD1
9e272bea-9193-4c10-a802-f7e18b2937a3	CHD1
9e272bea-9193-4c10-a802-f7e18b2937a3	FER
9e272bea-9193-4c10-a802-f7e18b2937a3	FER
9e272bea-9193-4c10-a802-f7e18b2937a3	MET
9e272bea-9193-4c10-a802-f7e18b2937a3	MET
9ed8f0b9-d615-44c4-9ec9-e07ecd744922	KMT2A
9ed8f0b9-d615-44c4-9ec9-e07ecd744922	TTC28
9ed8f0b9-d615-44c4-9ec9-e07ecd744922	ZFHX3
9ed8f0b9-d615-44c4-9ec9-e07ecd744922	ERG
9ed8f0b9-d615-44c4-9ec9-e07ecd744922	TMPRSS2
9ed8f0b9-d615-44c4-9ec9-e07ecd744922	CHD1
9ed8f0b9-d615-44c4-9ec9-e07ecd744922	CHD1
a08ec059-7592-4698-bb45-25a9c3680c23	GPR19
a08ec059-7592-4698-bb45-25a9c3680c23	IL6ST
a08ec059-7592-4698-bb45-25a9c3680c23	IL6ST
a08ec059-7592-4698-bb45-25a9c3680c23	CHD1
a08ec059-7592-4698-bb45-25a9c3680c23	CHD1
a1af7c42-47af-435c-bb51-b932a3cd7b91	TMPRSS2
a1af7c42-47af-435c-bb51-b932a3cd7b91	TP53
a1af7c42-47af-435c-bb51-b932a3cd7b91	ERG
a1af7c42-47af-435c-bb51-b932a3cd7b91	TMPRSS2
a1af7c42-47af-435c-bb51-b932a3cd7b91	TMPRSS2
a6d8467e-88e3-4ea5-8583-61c5ab9747ae	CDC27
a6d8467e-88e3-4ea5-8583-61c5ab9747ae	TCF12
a6d8467e-88e3-4ea5-8583-61c5ab9747ae	ERG
a6d8467e-88e3-4ea5-8583-61c5ab9747ae	TMPRSS2
a6d8467e-88e3-4ea5-8583-61c5ab9747ae	ERG
a6d8467e-88e3-4ea5-8583-61c5ab9747ae	TMPRSS2
a6d8467e-88e3-4ea5-8583-61c5ab9747ae	TMPRSS2
a6d8467e-88e3-4ea5-8583-61c5ab9747ae	TMPRSS2
a971ac23-0664-405d-9f5c-9ca892af003e	TMPRSS2
a971ac23-0664-405d-9f5c-9ca892af003e	ERG
a971ac23-0664-405d-9f5c-9ca892af003e	TMPRSS2
a971ac23-0664-405d-9f5c-9ca892af003e	TMPRSS2
a971ac23-0664-405d-9f5c-9ca892af003e	TMPRSS2
a971ac23-0664-405d-9f5c-9ca892af003e	TMPRSS2
a9ec7d9e-b179-4782-a589-43c7d1642be9	ERG
a9ec7d9e-b179-4782-a589-43c7d1642be9	ERG
ab318624-db9d-41d8-b7b8-34712434f28f	ERG
ab318624-db9d-41d8-b7b8-34712434f28f	TMPRSS2
ab8a55ed-ff47-4cad-ad91-52b9dc25aca7	SETDB1
ab8a55ed-ff47-4cad-ad91-52b9dc25aca7	SETDB1
ab8a55ed-ff47-4cad-ad91-52b9dc25aca7	TMPRSS2
ab8a55ed-ff47-4cad-ad91-52b9dc25aca7	ELK4
ab8a55ed-ff47-4cad-ad91-52b9dc25aca7	ELK4
ab8a55ed-ff47-4cad-ad91-52b9dc25aca7	ELK4
ab8a55ed-ff47-4cad-ad91-52b9dc25aca7	ELK4
ab8a55ed-ff47-4cad-ad91-52b9dc25aca7	KMT2A
ab8a55ed-ff47-4cad-ad91-52b9dc25aca7	TMPRSS2
ab8a55ed-ff47-4cad-ad91-52b9dc25aca7	ERG
ab8a55ed-ff47-4cad-ad91-52b9dc25aca7	TMPRSS2
ab8a55ed-ff47-4cad-ad91-52b9dc25aca7	NCOR1
ab8a55ed-ff47-4cad-ad91-52b9dc25aca7	ERG
ab8a55ed-ff47-4cad-ad91-52b9dc25aca7	TMPRSS2
acb9750e-7e17-4cef-bee1-5d710f9bf3a7	TMPRSS2
acb9750e-7e17-4cef-bee1-5d710f9bf3a7	ERG
acb9750e-7e17-4cef-bee1-5d710f9bf3a7	TMPRSS2
acb9750e-7e17-4cef-bee1-5d710f9bf3a7	ERG
acb9750e-7e17-4cef-bee1-5d710f9bf3a7	ERG
acb9750e-7e17-4cef-bee1-5d710f9bf3a7	ERG
ad007b59-46f6-48b9-958a-2b9d28cca3b7	ETV1
ad007b59-46f6-48b9-958a-2b9d28cca3b7	ETV1
b1f2442f-a973-47b4-9891-f028f0d44adc	ERG
b1f2442f-a973-47b4-9891-f028f0d44adc	TMPRSS2
b2ec0fd0-fbcf-4abc-ad80-4ae444e30b55	ERG
b33978c6-a855-4f9d-a0b0-d79453b9de41	PTEN
b33978c6-a855-4f9d-a0b0-d79453b9de41	PTEN
b33978c6-a855-4f9d-a0b0-d79453b9de41	TMPRSS2
b33978c6-a855-4f9d-a0b0-d79453b9de41	TMPRSS2
b33978c6-a855-4f9d-a0b0-d79453b9de41	TMPRSS2
b33978c6-a855-4f9d-a0b0-d79453b9de41	TMPRSS2
b33978c6-a855-4f9d-a0b0-d79453b9de41	ETV1
b33978c6-a855-4f9d-a0b0-d79453b9de41	TMPRSS2
b33978c6-a855-4f9d-a0b0-d79453b9de41	TMPRSS2
b33978c6-a855-4f9d-a0b0-d79453b9de41	TMPRSS2
b33978c6-a855-4f9d-a0b0-d79453b9de41	TMPRSS2
b33978c6-a855-4f9d-a0b0-d79453b9de41	TMPRSS2
b33978c6-a855-4f9d-a0b0-d79453b9de41	TMPRSS2
b33978c6-a855-4f9d-a0b0-d79453b9de41	TMPRSS2
b33978c6-a855-4f9d-a0b0-d79453b9de41	TMPRSS2
b33978c6-a855-4f9d-a0b0-d79453b9de41	ETV1
b33978c6-a855-4f9d-a0b0-d79453b9de41	TMPRSS2
b33978c6-a855-4f9d-a0b0-d79453b9de41	TMPRSS2
b33b7c8f-0b0d-4009-88a7-48e9d9cae6cb	ERG
b33b7c8f-0b0d-4009-88a7-48e9d9cae6cb	TMPRSS2
b41c63e8-bb85-4f83-9bc6-e611fd9ef075	ERG
b41c63e8-bb85-4f83-9bc6-e611fd9ef075	TMPRSS2
b41c63e8-bb85-4f83-9bc6-e611fd9ef075	ERG
b41c63e8-bb85-4f83-9bc6-e611fd9ef075	TMPRSS2
b41c63e8-bb85-4f83-9bc6-e611fd9ef075	TMPRSS2
b4aea804-fc6e-4d58-906f-f3a932ca9dc5	ELK4
b4aea804-fc6e-4d58-906f-f3a932ca9dc5	ELK4
b4aea804-fc6e-4d58-906f-f3a932ca9dc5	ERCC2
b4aea804-fc6e-4d58-906f-f3a932ca9dc5	ERG
b4aea804-fc6e-4d58-906f-f3a932ca9dc5	TMPRSS2
b4aea804-fc6e-4d58-906f-f3a932ca9dc5	PIK3R1
b68c5ec2-0875-4d77-b4b7-738d2b2f313c	ERG
b68c5ec2-0875-4d77-b4b7-738d2b2f313c	TMPRSS2
bb02202f-d140-4bec-95ce-5c2b117a2167	PTEN
bb02202f-d140-4bec-95ce-5c2b117a2167	ZFHX3
bb02202f-d140-4bec-95ce-5c2b117a2167	ZFHX3
bb02202f-d140-4bec-95ce-5c2b117a2167	ZFHX3
bb02202f-d140-4bec-95ce-5c2b117a2167	XPO1
bb02202f-d140-4bec-95ce-5c2b117a2167	XPO1
bb02202f-d140-4bec-95ce-5c2b117a2167	XPO1
bb02202f-d140-4bec-95ce-5c2b117a2167	XPO1
bb02202f-d140-4bec-95ce-5c2b117a2167	XPO1
bb02202f-d140-4bec-95ce-5c2b117a2167	ERG
bb02202f-d140-4bec-95ce-5c2b117a2167	TMPRSS2
bb02202f-d140-4bec-95ce-5c2b117a2167	TMPRSS2
bc9f105f-6d99-44ac-9871-67defd5e85cd	PTEN
bc9f105f-6d99-44ac-9871-67defd5e85cd	ERG
bc9f105f-6d99-44ac-9871-67defd5e85cd	TMPRSS2
bc9f105f-6d99-44ac-9871-67defd5e85cd	PTPRD
bc9f105f-6d99-44ac-9871-67defd5e85cd	PTPRD
bd3028c7-1fde-401d-a6b2-5f8e61eb4aa1	ERG
bd3028c7-1fde-401d-a6b2-5f8e61eb4aa1	ERG
bd3028c7-1fde-401d-a6b2-5f8e61eb4aa1	RAG1
bd3028c7-1fde-401d-a6b2-5f8e61eb4aa1	RAG1
beafb7c6-ef39-478e-aa47-0f1ad39f95a3	PTEN
beafb7c6-ef39-478e-aa47-0f1ad39f95a3	ZFHX3
beafb7c6-ef39-478e-aa47-0f1ad39f95a3	ZFHX3
beafb7c6-ef39-478e-aa47-0f1ad39f95a3	ERG
beafb7c6-ef39-478e-aa47-0f1ad39f95a3	TMPRSS2
beafb7c6-ef39-478e-aa47-0f1ad39f95a3	ERG
beafb7c6-ef39-478e-aa47-0f1ad39f95a3	TMPRSS2
beafb7c6-ef39-478e-aa47-0f1ad39f95a3	PTPRD
c14b2c74-447b-4526-a6e9-415d2728c7ca	ERG
c14b2c74-447b-4526-a6e9-415d2728c7ca	TMPRSS2
c14b2c74-447b-4526-a6e9-415d2728c7ca	ERG
c14b2c74-447b-4526-a6e9-415d2728c7ca	TMPRSS2
c3cb64b3-842b-4b42-8c42-020a0206eb06	PTEN
c3cb64b3-842b-4b42-8c42-020a0206eb06	PTEN
c3cb64b3-842b-4b42-8c42-020a0206eb06	PTEN
c3cb64b3-842b-4b42-8c42-020a0206eb06	ERG
c3cb64b3-842b-4b42-8c42-020a0206eb06	TMPRSS2
c6a28615-1b92-4085-956e-eeedb2573c03	APC
c6a28615-1b92-4085-956e-eeedb2573c03	LSAMP
c6a28615-1b92-4085-956e-eeedb2573c03	LSAMP
c6a28615-1b92-4085-956e-eeedb2573c03	LSAMP
c6a28615-1b92-4085-956e-eeedb2573c03	PTPRD
caf2e99d-8f1f-4043-b567-c3fe28dc33ac	PTEN
caf2e99d-8f1f-4043-b567-c3fe28dc33ac	PTEN
caf2e99d-8f1f-4043-b567-c3fe28dc33ac	ZFHX3
caf2e99d-8f1f-4043-b567-c3fe28dc33ac	ERG
caf2e99d-8f1f-4043-b567-c3fe28dc33ac	TMPRSS2
caf2e99d-8f1f-4043-b567-c3fe28dc33ac	PDS5A
cd0c3b1f-c73a-4991-8724-4e74381900cb	ELK4
cd0c3b1f-c73a-4991-8724-4e74381900cb	ELK4
cd0c3b1f-c73a-4991-8724-4e74381900cb	PTEN
cd0c3b1f-c73a-4991-8724-4e74381900cb	PTEN
cd0c3b1f-c73a-4991-8724-4e74381900cb	ARID2
cd0c3b1f-c73a-4991-8724-4e74381900cb	ERG
cd0c3b1f-c73a-4991-8724-4e74381900cb	TMPRSS2
cd29af7e-d670-4d8e-83e2-da6e52abda71	TMPRSS2
cd29af7e-d670-4d8e-83e2-da6e52abda71	ERG
cd29af7e-d670-4d8e-83e2-da6e52abda71	ERG
cd29af7e-d670-4d8e-83e2-da6e52abda71	TMPRSS2
cd29af7e-d670-4d8e-83e2-da6e52abda71	BRAF
d0f4dd92-a63b-4766-8889-5327fca1bd91	ERG
d0f4dd92-a63b-4766-8889-5327fca1bd91	TMPRSS2
d0f4dd92-a63b-4766-8889-5327fca1bd91	TMPRSS2
d0f4dd92-a63b-4766-8889-5327fca1bd91	TMPRSS2
d1875ee6-6677-4117-a7a8-930ab5cde775	TMPRSS2
d1875ee6-6677-4117-a7a8-930ab5cde775	ERG
d1875ee6-6677-4117-a7a8-930ab5cde775	TMPRSS2
d277e679-9fdd-44cd-9f2c-f9927e44d721	GPR19
d277e679-9fdd-44cd-9f2c-f9927e44d721	TSC2
d277e679-9fdd-44cd-9f2c-f9927e44d721	ZNF292
d709d214-02ee-46c1-a73a-e7074cb2623e	KMT2C
d709d214-02ee-46c1-a73a-e7074cb2623e	KMT2C
db198301-6c69-4d56-88d1-c650406423dd	TMPRSS2
db198301-6c69-4d56-88d1-c650406423dd	ERG
db198301-6c69-4d56-88d1-c650406423dd	ERG
db198301-6c69-4d56-88d1-c650406423dd	MAP3K1
db198301-6c69-4d56-88d1-c650406423dd	TMPRSS2
db198301-6c69-4d56-88d1-c650406423dd	TMPRSS2
db198301-6c69-4d56-88d1-c650406423dd	MAP3K1
db37739d-af50-4e63-9147-1a7d25630ac6	TMPRSS2
db37739d-af50-4e63-9147-1a7d25630ac6	ERG
db37739d-af50-4e63-9147-1a7d25630ac6	ERG
dbfdb5c6-f52e-48f3-87e7-fb922df9e7a9	PTEN
dbfdb5c6-f52e-48f3-87e7-fb922df9e7a9	TMPRSS2
dbfdb5c6-f52e-48f3-87e7-fb922df9e7a9	TMPRSS2
dbfdb5c6-f52e-48f3-87e7-fb922df9e7a9	ETV1
dbfdb5c6-f52e-48f3-87e7-fb922df9e7a9	ZNRF3
dbfdb5c6-f52e-48f3-87e7-fb922df9e7a9	LSAMP
dbfdb5c6-f52e-48f3-87e7-fb922df9e7a9	ETV1
dc85552c-2488-48d9-9da1-67a380945b85	ELK4
dc85552c-2488-48d9-9da1-67a380945b85	ELK4
dc85552c-2488-48d9-9da1-67a380945b85	ELK4
dc85552c-2488-48d9-9da1-67a380945b85	ELK4
dc85552c-2488-48d9-9da1-67a380945b85	ERG
dc85552c-2488-48d9-9da1-67a380945b85	SETD2
dc85552c-2488-48d9-9da1-67a380945b85	SETD2
dc85552c-2488-48d9-9da1-67a380945b85	PTEN
dc85552c-2488-48d9-9da1-67a380945b85	PTEN
dc85552c-2488-48d9-9da1-67a380945b85	PTEN
dc85552c-2488-48d9-9da1-67a380945b85	ZBTB16
dc85552c-2488-48d9-9da1-67a380945b85	ZBTB16
dc85552c-2488-48d9-9da1-67a380945b85	ZBTB16
dc85552c-2488-48d9-9da1-67a380945b85	ZBTB16
dc85552c-2488-48d9-9da1-67a380945b85	ZBTB16
dc85552c-2488-48d9-9da1-67a380945b85	ZFHX3
dc85552c-2488-48d9-9da1-67a380945b85	TMPRSS2
dc85552c-2488-48d9-9da1-67a380945b85	ERG
dc85552c-2488-48d9-9da1-67a380945b85	ERG
dc85552c-2488-48d9-9da1-67a380945b85	ERG
dc85552c-2488-48d9-9da1-67a380945b85	TMPRSS2
dc85552c-2488-48d9-9da1-67a380945b85	TMPRSS2
dc85552c-2488-48d9-9da1-67a380945b85	TMPRSS2
dc85552c-2488-48d9-9da1-67a380945b85	SETD2
dc85552c-2488-48d9-9da1-67a380945b85	KMT2C
dcc938da-3e45-4c2f-ae0f-47817be04518	PTEN
dcc938da-3e45-4c2f-ae0f-47817be04518	ERG
dcc938da-3e45-4c2f-ae0f-47817be04518	TMPRSS2
dcc938da-3e45-4c2f-ae0f-47817be04518	ERG
dcc938da-3e45-4c2f-ae0f-47817be04518	TMPRSS2
dcc938da-3e45-4c2f-ae0f-47817be04518	TMPRSS2
dcc938da-3e45-4c2f-ae0f-47817be04518	TMPRSS2
dcc938da-3e45-4c2f-ae0f-47817be04518	LSAMP
dcc938da-3e45-4c2f-ae0f-47817be04518	PIK3CB
dd5ed858-0623-4387-b1bf-109175c32ef4	TMPRSS2
dd5ed858-0623-4387-b1bf-109175c32ef4	ERG
dd5ed858-0623-4387-b1bf-109175c32ef4	TMPRSS2
de4faf55-1bcf-427f-b019-829bb4b64ff1	ERG
de4faf55-1bcf-427f-b019-829bb4b64ff1	TMPRSS2
de4faf55-1bcf-427f-b019-829bb4b64ff1	TMPRSS2
de4faf55-1bcf-427f-b019-829bb4b64ff1	TMPRSS2
e1b169c3-44e0-43e5-9ee3-2df7a678a5ea	SMARCAD1
e1fc4226-40ce-43b7-b92e-aa7cecd0cf4d	ERG
e1fc4226-40ce-43b7-b92e-aa7cecd0cf4d	TMPRSS2
e1fc4226-40ce-43b7-b92e-aa7cecd0cf4d	TMPRSS2
e6772001-dffc-4fb4-86e9-6c395edd176d	ERG
e6772001-dffc-4fb4-86e9-6c395edd176d	TMPRSS2
e6772001-dffc-4fb4-86e9-6c395edd176d	ERG
e6772001-dffc-4fb4-86e9-6c395edd176d	TMPRSS2
e6772001-dffc-4fb4-86e9-6c395edd176d	ERG
e6772001-dffc-4fb4-86e9-6c395edd176d	ERG
e6772001-dffc-4fb4-86e9-6c395edd176d	ERG
e6772001-dffc-4fb4-86e9-6c395edd176d	TMPRSS2
e6772001-dffc-4fb4-86e9-6c395edd176d	ERG
e6772001-dffc-4fb4-86e9-6c395edd176d	TMPRSS2
e6772001-dffc-4fb4-86e9-6c395edd176d	TMPRSS2
e6772001-dffc-4fb4-86e9-6c395edd176d	TMPRSS2
e6772001-dffc-4fb4-86e9-6c395edd176d	TMPRSS2
e6772001-dffc-4fb4-86e9-6c395edd176d	TMPRSS2
ec16d1f5-f8a9-4c19-8cce-92f6ea9eb3f7	TMPRSS2
ec16d1f5-f8a9-4c19-8cce-92f6ea9eb3f7	TMPRSS2
ec16d1f5-f8a9-4c19-8cce-92f6ea9eb3f7	TMPRSS2
ec16d1f5-f8a9-4c19-8cce-92f6ea9eb3f7	TMPRSS2
ec16d1f5-f8a9-4c19-8cce-92f6ea9eb3f7	TMPRSS2
ec16d1f5-f8a9-4c19-8cce-92f6ea9eb3f7	ERG
ec16d1f5-f8a9-4c19-8cce-92f6ea9eb3f7	TMPRSS2
ec16d1f5-f8a9-4c19-8cce-92f6ea9eb3f7	ERG
ec16d1f5-f8a9-4c19-8cce-92f6ea9eb3f7	TMPRSS2
ec16d1f5-f8a9-4c19-8cce-92f6ea9eb3f7	TMPRSS2
ed7be9ae-e603-4731-8d91-a8285abaee33	ZFHX3
edeea137-080d-42d3-a0ce-5cfe0d4a68e7	NKX3-1
edeea137-080d-42d3-a0ce-5cfe0d4a68e7	NKX3-1
f1d73c2f-3d7d-4a0f-871b-b3bf76d865dc	RAD51B
f5378545-17d4-4a64-a57e-f6c91ef4cb3a	CDKN1B
f5378545-17d4-4a64-a57e-f6c91ef4cb3a	ARID2
f5378545-17d4-4a64-a57e-f6c91ef4cb3a	ARID2
f5378545-17d4-4a64-a57e-f6c91ef4cb3a	MAP3K1
f5378545-17d4-4a64-a57e-f6c91ef4cb3a	MAP3K1
f5378545-17d4-4a64-a57e-f6c91ef4cb3a	RASA1
f5378545-17d4-4a64-a57e-f6c91ef4cb3a	RASA1
f5378545-17d4-4a64-a57e-f6c91ef4cb3a	APC
f54442d1-80fa-4678-ac94-c3ad03bc37fb	ERG
f601cf2f-081f-484d-ab0e-21a8ec8d3770	ZFHX3
f640d377-98e9-41d3-8761-61eb33072c65	BRAF
f7cc504a-37c9-45f5-b50d-599c54dca157	ELK4
f7cc504a-37c9-45f5-b50d-599c54dca157	TMPRSS2
f7cc504a-37c9-45f5-b50d-599c54dca157	ERG
f7cc504a-37c9-45f5-b50d-599c54dca157	PTEN
f7cc504a-37c9-45f5-b50d-599c54dca157	PTEN
f7cc504a-37c9-45f5-b50d-599c54dca157	SH3RF1
f7cc504a-37c9-45f5-b50d-599c54dca157	SH3RF1
f7cc504a-37c9-45f5-b50d-599c54dca157	PRKDC
f8a165b0-51df-413c-b7c6-c7fc80547db4	PTPRD
f8a165b0-51df-413c-b7c6-c7fc80547db4	PTPRD
f921b592-fa4d-49f7-b773-81a0e903aaed	ARID1A
f921b592-fa4d-49f7-b773-81a0e903aaed	ERG
f921b592-fa4d-49f7-b773-81a0e903aaed	TMPRSS2
f9c0a08b-d1e5-4c18-e040-11ac0c4864df	ELK4
f9c0a08b-d1e5-4c18-e040-11ac0c4864df	ELK4
f9c0a08b-d1e5-4c18-e040-11ac0c4864df	ASXL2
f9c0a08b-d1e5-4c18-e040-11ac0c4864df	ERG
f9c0a08b-d1e5-4c18-e040-11ac0c4864df	TMPRSS2
f9c1df10-25b8-c8ae-e040-11ac0d486375	WRN
f9c23ce8-7f1c-9417-e040-11ac0d482562	ERG
f9c23ce8-7f1c-9417-e040-11ac0d482562	TMPRSS2
f9c23ce8-7f1c-9417-e040-11ac0d482562	ERG
f9c23ce8-7f1c-9417-e040-11ac0d482562	TMPRSS2
f9c23ce8-7f1c-9417-e040-11ac0d482562	TMPRSS2
f9c23ce8-7f1c-9417-e040-11ac0d482562	TMPRSS2
f9c26646-d2b0-cf30-e040-11ac0d483918	FANCA
f9c26646-d2b0-cf30-e040-11ac0d483918	NOX3
f9c26646-d2b0-cf30-e040-11ac0d483918	NOX3
f9c39eb7-39a9-6626-e040-11ac0d4870c2	NCOR2
f9c39eb7-39a9-6626-e040-11ac0d4870c2	NCOR2
f9c39eb7-39a9-6626-e040-11ac0d4870c2	NCOR2
f9c39eb7-39a9-6626-e040-11ac0d4870c2	NCOR2
f9c39eb7-39a9-6626-e040-11ac0d4870c2	NCOR2
f9c39eb7-39a9-6626-e040-11ac0d4870c2	NCOR2
f9c39eb7-39a9-6626-e040-11ac0d4870c2	NCOR2
f9c39eb7-39a9-6626-e040-11ac0d4870c2	PTEN
f9c39eb7-39a9-6626-e040-11ac0d4870c2	NCOR2
f9c39eb7-39a9-6626-e040-11ac0d4870c2	NCOR2
f9c39eb7-39a9-6626-e040-11ac0d4870c2	TCF12
f9c39eb7-39a9-6626-e040-11ac0d4870c2	TCF12
f9c39eb7-39a9-6626-e040-11ac0d4870c2	ERG
f9c39eb7-39a9-6626-e040-11ac0d4870c2	TMPRSS2
f9c39eb7-39a9-6626-e040-11ac0d4870c2	WRN
f9c3bc8e-dbc4-1ed0-e040-11ac0d4803a9	PDS5A
f9c3bc8e-dbc4-1ed0-e040-11ac0d4803a9	PDS5A
f9c3bc8e-dbc4-1ed0-e040-11ac0d4803a9	PDS5A
f9c3bc8e-dbc4-1ed0-e040-11ac0d4803a9	PDS5A
f9c3e4e3-1b95-b71a-e040-11ac0d4819e7	JAK1
f9c3e4e3-1b95-b71a-e040-11ac0d4819e7	PTEN
f9c3e4e3-1b95-b71a-e040-11ac0d4819e7	PTEN
f9c3e4e3-1b95-b71a-e040-11ac0d4819e7	PTEN
f9c3e4e3-1b95-b71a-e040-11ac0d4819e7	ERG
f9c3e4e3-1b95-b71a-e040-11ac0d4819e7	ERG
f9c3e4e3-1b95-b71a-e040-11ac0d4819e7	TMPRSS2
f9c3e4e3-1b95-b71a-e040-11ac0d4819e7	PTPRD
f9c3e4e3-1b95-b71a-e040-11ac0d4819e7	PTPRD
f9c3eaad-a0d9-8bf8-e040-11ac0d481d8e	ETV3
f9c3eaad-a0d9-8bf8-e040-11ac0d481d8e	CDKN1B
f9c3eaad-a0d9-8bf8-e040-11ac0d481d8e	FER
f9c3eaad-a0d9-8bf8-e040-11ac0d481d8e	RASA1
f9c3eaad-a0d9-8bf8-e040-11ac0d481d8e	RASA1
f9c4e06c-e8a6-613b-e040-11ac0d4828ba	CDC27
f9c4e06c-e8a6-613b-e040-11ac0d4828ba	ERG
f9c4e06c-e8a6-613b-e040-11ac0d4828ba	TMPRSS2
f9c52187-2e82-d58a-e040-11ac0d484fc4	TMPRSS2
f9c52187-2e82-d58a-e040-11ac0d484fc4	ERG
f9c52187-2e82-d58a-e040-11ac0d484fc4	TMPRSS2
f9c52414-385d-8cc7-e040-11ac0d485037	ERG
f9c52414-385d-8cc7-e040-11ac0d485037	TMPRSS2
f9c650e7-9053-78eb-e040-11ac0d4874bb	ELK4
f9c650e7-9053-78eb-e040-11ac0d4874bb	IL6ST
f9c650e7-9053-78eb-e040-11ac0d4874bb	IL6ST
f9c650e7-9053-78eb-e040-11ac0d4874bb	CHD1
f9c650e7-9053-78eb-e040-11ac0d4874bb	CHD1
f9c650e7-9053-78eb-e040-11ac0d4874bb	CHD1
f9c650e7-9053-78eb-e040-11ac0d4874bb	CHD1
f9c65e3d-f3f7-dd5f-e040-11ac0d487b1f	ERG
f9c65e3d-f3f7-dd5f-e040-11ac0d487b1f	TMPRSS2
f9c65e3d-f3f7-dd5f-e040-11ac0d487b1f	ERG
f9c65e3d-f3f7-dd5f-e040-11ac0d487b1f	AKT1
f9c65e3d-f3f7-dd5f-e040-11ac0d487b1f	ERG
f9c65e3d-f3f7-dd5f-e040-11ac0d487b1f	ERG
f9c65e3d-f3f7-dd5f-e040-11ac0d487b1f	TMPRSS2
f9c65e3d-f3f7-dd5f-e040-11ac0d487b1f	ERG
f9c65e3d-f3f7-dd5f-e040-11ac0d487b1f	TMPRSS2
f9c65e3d-f3f7-dd5f-e040-11ac0d487b1f	TMPRSS2
f9c65e3d-f3f7-dd5f-e040-11ac0d487b1f	TMPRSS2
f9c65e3d-f3f7-dd5f-e040-11ac0d487b1f	TMPRSS2
f9c65e3d-f3f7-dd5f-e040-11ac0d487b1f	TMPRSS2
f9c65e3d-f3f7-dd5f-e040-11ac0d487b1f	TMPRSS2
f9c65e3d-f3f7-dd5f-e040-11ac0d487b1f	TMPRSS2
f9c65e3d-f3f7-dd5f-e040-11ac0d487b1f	TMPRSS2
f9c65e3d-f3f7-dd5f-e040-11ac0d487b1f	TMPRSS2
f9c65e3d-f3f7-dd5f-e040-11ac0d487b1f	TMPRSS2
f9c65e3d-f3f7-dd5f-e040-11ac0d487b1f	TMPRSS2
f9c70e38-dd99-3fe2-e040-11ac0d4862f2	NF1
f9c70e38-dd99-3fe2-e040-11ac0d4862f2	DHX30
f9c70e38-dd99-3fe2-e040-11ac0d4862f2	ZNF292
f9c70e38-dd99-3fe2-e040-11ac0d4862f2	ZNF292
fc9d5fc6-546f-27b7-e040-11ac0d485f87	ERG
fc9d5fc6-546f-27b7-e040-11ac0d485f87	TMPRSS2
fc9d5fc6-719b-0525-e040-11ac0d485f83	ELK4
fc9d5fc6-719b-0525-e040-11ac0d485f83	ELK4
fc9d5fc6-719b-0525-e040-11ac0d485f83	TMPRSS2
fc9d5fc6-719b-0525-e040-11ac0d485f83	ERG
fc9d5fc6-719b-0525-e040-11ac0d485f83	TMPRSS2
fc9d5fc6-719b-0525-e040-11ac0d485f83	ERG
fc9d5fc6-719b-0525-e040-11ac0d485f83	TMPRSS2
fc9d5fc6-719b-0525-e040-11ac0d485f83	ERG
fc9d5fc6-719b-0525-e040-11ac0d485f83	TMPRSS2
fc9d5fc6-719b-0525-e040-11ac0d485f83	TMPRSS2
fc9d5fc6-719b-0525-e040-11ac0d485f83	TMPRSS2
fc9d5fc6-7f7d-1313-e040-11ac0d485f85	ERG
fc9d5fc6-7f7d-1313-e040-11ac0d485f85	TMPRSS2
fc9d5fc6-7f7d-1313-e040-11ac0d485f85	ERG
fc9d5fc6-7f7d-1313-e040-11ac0d485f85	TMPRSS2
fc9d5fc6-7f7d-1313-e040-11ac0d485f85	ERG
fc9d5fc6-7f7d-1313-e040-11ac0d485f85	ERG
fc9d5fc6-7f7d-1313-e040-11ac0d485f85	ERG
fc9d5fc6-7f7d-1313-e040-11ac0d485f85	SH3RF1
fc9d5fc6-7f7d-1313-e040-11ac0d485f85	SH3RF1
fc9d704c-0cfb-0407-e040-11ac0d486980	ERG
fc9d704c-0cfb-0407-e040-11ac0d486980	TMPRSS2
fc9d93b6-77c6-8719-e040-11ac0d487dec	ELK4
fc9d93b6-77c6-8719-e040-11ac0d487dec	ELK4
fc9d93b6-77c6-8719-e040-11ac0d487dec	TMPRSS2
fc9d93b6-77c6-8719-e040-11ac0d487dec	TMPRSS2
fc9d93b6-77c6-8719-e040-11ac0d487dec	ERG
fc9d93b6-77c6-8719-e040-11ac0d487dec	TMPRSS2
fc9d93b6-77c6-8719-e040-11ac0d487dec	ERG
fc9d93b6-77c6-8719-e040-11ac0d487dec	TMPRSS2
fc9d93b6-77c6-8719-e040-11ac0d487dec	TMPRSS2
fc9d93b6-77c6-8719-e040-11ac0d487dec	TMPRSS2
fc9d93b6-92e8-acb7-e040-11ac0d487dee	ELK4
fc9d93b6-92e8-acb7-e040-11ac0d487dee	ELK4
fc9d93b6-92e8-acb7-e040-11ac0d487dee	FANCA
fc9d93b6-92e8-acb7-e040-11ac0d487dee	TMPRSS2
fc9d93b6-92e8-acb7-e040-11ac0d487dee	TMPRSS2
fc9d93b6-92e8-acb7-e040-11ac0d487dee	ERG
fc9d93b6-92e8-acb7-e040-11ac0d487dee	TMPRSS2
fc9d93b6-92e8-acb7-e040-11ac0d487dee	TMPRSS2
fc9d93b6-92e8-acb7-e040-11ac0d487dee	TMPRSS2
fc9d93b6-92e8-acb7-e040-11ac0d487dee	TMPRSS2
fc9d93b6-92e8-acb7-e040-11ac0d487dee	TMPRSS2
fc9f9295-01f6-a9e0-e040-11ac0d4845af	ELK4
fc9f9295-01f6-a9e0-e040-11ac0d4845af	ELK4
fc9f9295-01f6-a9e0-e040-11ac0d4845af	FANCA
fc9f9295-01f6-a9e0-e040-11ac0d4845af	TMPRSS2
fc9f9295-01f6-a9e0-e040-11ac0d4845af	TMPRSS2
fc9f9295-01f6-a9e0-e040-11ac0d4845af	ERG
fc9f9295-01f6-a9e0-e040-11ac0d4845af	TMPRSS2
fc9f9295-01f6-a9e0-e040-11ac0d4845af	TMPRSS2
fc9f9295-01f6-a9e0-e040-11ac0d4845af	TMPRSS2
fc9f9295-01f6-a9e0-e040-11ac0d4845af	TMPRSS2
fc9f9295-01f6-a9e0-e040-11ac0d4845af	TMPRSS2
fc9f998b-cc72-f6ea-e040-11ac0c482425	ERG
fc9f998b-cc72-f6ea-e040-11ac0c482425	TMPRSS2
fc9f998b-cc72-f6ea-e040-11ac0c482425	ERG
fc9f998b-cc72-f6ea-e040-11ac0c482425	TMPRSS2
fca04929-586a-0594-e040-11ac0c48099d	ERG
fca04929-586a-0594-e040-11ac0c48099d	TMPRSS2
fca04929-586a-0594-e040-11ac0c48099d	ERG
fca04929-586a-0594-e040-11ac0c48099d	ERG
fca04929-586a-0594-e040-11ac0c48099d	ERG
fca04929-586a-0594-e040-11ac0c48099d	ETV1
fca1c663-dec0-db39-e040-11ac0c486140	TMPRSS2
fca1c663-dec0-db39-e040-11ac0c486140	ERG
fca1c663-dec0-db39-e040-11ac0c486140	TMPRSS2
fca1c663-dec0-db39-e040-11ac0c486140	TMPRSS2
fca1c663-dec0-db39-e040-11ac0c486140	TMPRSS2
fca2d62f-2756-939e-e040-11ac0d4865e6	ZFHX3
fca2d62f-2756-939e-e040-11ac0d4865e6	ERG
fca2d62f-2756-939e-e040-11ac0d4865e6	TMPRSS2
ff870342-f0d6-4450-8f9c-344c046a0baf	ZNF292
ff870342-f0d6-4450-8f9c-344c046a0baf	KMT2C
