DTB-003-BL	DTB-005-BL	DTB-008-BL	DTB-009-BL	DTB-011-BL	DTB-018-BL	DTB-019-PRO	DTB-020-BL	DTB-021-BL	DTB-022-BL	DTB-023-BL	DTB-024-PRO	DTB-034-BL	DTB-035-BL	DTB-036-BL	DTB-037-BL	DTB-040-BL	DTB-042-BL	DTB-053-BL	DTB-055-PRO	DTB-059-BL	DTB-060-BL	DTB-061-BL	DTB-063-BL	DTB-064-BL	DTB-067-PRO	DTB-069-BL	DTB-071-BL	DTB-074-BL	DTB-077-PRO	DTB-080-BL	DTB-083-BL	DTB-085-BL	DTB-089-BL	DTB-090-PRO	DTB-091-BL	DTB-092-BL	DTB-094-BL	DTB-097-PRO	DTB-098-PRO2	DTB-100-BL	DTB-101-BL	DTB-102-PRO	DTB-104-BL	DTB-111-PRO	DTB-112-BL	DTB-119-PRO	DTB-121-BL	DTB-124-BL	DTB-126-BL	DTB-127-PRO	DTB-128-BL	DTB-129-BL	DTB-132-BL	DTB-135-PRO	DTB-137-PRO	DTB-138-BL	DTB-140-BL	DTB-141-BL	DTB-143-BL	DTB-146-BL	DTB-149-BL	DTB-151-BL	DTB-156-BL	DTB-159-BL	DTB-165-PRO	DTB-167-PRO	DTB-170-BL	DTB-172-BL	DTB-173-BL	DTB-175-BL	DTB-176-BL	DTB-183-BL	DTB-186-BL	DTB-187-BL	DTB-188-BL	DTB-190-BL	DTB-193-BL	DTB-194-PRO	DTB-201-PRO	DTB-202-BL	DTB-204-BL	DTB-205-BL	DTB-206-BL	DTB-210-BL	DTB-213-BL	DTB-214-BL	DTB-216-PRO	DTB-220-BL	DTB-222-BL	DTB-223-BL	DTB-232-PRO	DTB-234-BL	DTB-251-BL	DTB-252-BL	DTB-255-BL	DTB-258-BL	DTB-260-BL	DTB-261-BL	DTB-265-PRO	DTB-266-BL
Ref.Sig.R1	0	0	0	0	0	0	0	0	0	0	0	0	0	0	0	0	0	27.7078651685393	0	0	0	0	0	311.787899388171	70.5185185185185	0	0	0	0	0	0	0	0	0	0	0	0	0	0	0	0	64.7791304347826	0	0	32.8311688311688	0	0	0	0	0	114.27027027027	0	0	0	0	0	0	0	0	0	0	0	0	0	0	0	0	0	0	0	32.2374581939799	0	99.5928143712575	0	0	0	0	0	22.6330935251799	0	0	0	122.889182058047	0	0	0	181.896518375242	0	0	0	69.8814229249012	0	0	0	0	0	0	0	0	0	0
Ref.Sig.R2	162.519230769231	67.3175355450237	139.908474576271	106.512455516014	64.9484536082474	89.9638989169675	145.661538461538	85.8173076923077	69.5378787878788	49.1719298245614	0	94.3098591549296	68.2407407407407	54.7988165680473	119.022222222222	136.110236220472	59.4448398576512	88.7677902621723	112.565656565657	80.3341121495327	57.8196078431373	65.8285714285714	142	78.9462950373895	69.5111111111111	91.0915032679739	115.375375375375	100.657534246575	41.5324675324675	84.3103448275862	81.648	79.5392491467577	98.6520681265207	149.260545905707	161.480176211454	68.6796116504854	100.810372771475	32.8421052631579	105.898580121704	70.4027777777778	109.811320754717	105.266086956522	51.5257731958763	85.2161016949153	102.084415584416	189.352727272727	81.4470989761092	79.154334038055	169.072164948454	96.5833333333333	72.4391891891892	111.203669724771	104.59866962306	49.3110367892977	143.042986425339	73.858064516129	120.330341113106	224.877192982456	177.276404494382	74.1670428893905	175.063136456212	31.044776119403	122.454909819639	173.332225913621	103.419161676647	116	126.192233009709	31.2489959839357	116.230088495575	125.21568627451	124.85618729097	168.250814332248	0	104	92.2465753424658	51.5074626865672	109.067524115756	57.1830985915493	50.9244604316547	118.817232375979	166.875219683656	51.6986301369863	233.641160949868	96.6521739130435	92.6715328467153	68.8871794871795	0	58.8405797101449	111.116883116883	87.5593220338983	128.458498023715	160.821428571429	145.578082191781	108.284457478006	56.358024691358	97.7843866171004	124.919324577861	67.0989660265879	45.4909090909091	81.7232142857143	58.4615384615385
Ref.Sig.R3	0	0	0	0	0	0	0	0	0	0	0	0	0	0	0	0	0	0	0	0	0	0	0	0	0	0	0	0	0	0	0	0	0	0	0	0	0	0	0	0	0	0	0	0	0	0	0	0	0	0	0	0	0	0	0	0	0	0	0	0	0	0	0	0	0	0	0	0	0	0	0	0	0	0	0	0	0	0	0	0	0	0	0	0	0	0	0	0	0	0	0	0	0	0	0	0	0	0	0	0	0
Ref.Sig.R4	0	0	85.864406779661	23.9003558718861	0	0	49.5653846153846	18.1730769230769	19.719696969697	19.5684210526316	0	0	0	0	0	0	0	0	0	0	0	0	0	145.401087695445	0	37.7450980392157	0	0	0	19.4169278996865	0	60.9129692832764	28.4768856447689	0	20.4405286343612	88.0116504854369	335.698541329011	0	0	0	0	0	0	0	0	82.3272727272727	26.9761092150171	26.384778012685	0	0	0	0	0	0	0	0	107.073608617594	0	29.7168539325843	34.5778781038375	0	0	148.76753507014	38.6312292358804	31.7425149700599	77.3333333333333	0	0	59.3729456384324	0	83.9197324414716	27.6156351791531	0	0	0	20.1990049751244	47.3311897106109	0	0	42.177545691906	43.2267135325132	0	133.003518029903	0	39.2846715328467	0	0	0	63.4953617810761	0	0	0	0	0	50.2098765432099	62.1338289962825	49.3508442776735	0	0	0	0
Ref.Sig.R6a	0	57.7725118483412	44.9525423728814	0	0	0	0	67.1394230769231	0	0	0	0	0	79.1538461538461	0	0	0	0	27.1363636363636	27.6308411214953	93.8300653594771	0	0	0	0	25.1633986928105	49.009009009009	33.5525114155251	31.4025974025974	0	0	58.3959044368601	0	0	0	0	88.7131280388979	0	0	0	52.409948542024	0	188.927835051546	736.186440677966	36.4220779220779	0	0	84.2283298097252	0	0	35.7094594594595	47.5871559633027	0	0	0	0	0	0	0	40.0902934537246	0	123.144278606965	0	0	0	39.6842105263158	31.421359223301	68.5461847389558	0	0	0	0	0	38	0	39.3880597014925	0	0	0	0	23.1212653778559	0	66.754617414248	0	40.2919708029197	0	0	22.3188405797101	0	0	0	0	0	0	78.9012345679012	0	0	0	0	374.816964285714	0
Ref.Sig.R6b	34.1089743589744	103.488151658768	0	0	0	79.85559566787	45.5192307692308	0	0	0	113.779310344828	0	44.8148148148148	95.3905325443787	0	0	0	0	0	0	38.5464052287582	0	0	0	0	0	116.396396396396	81.3394216133942	50.6493506493506	0	19.152	45.8105802047782	0	0	0	63.0834951456311	0	22.5789473684211	0	19.5277777777778	73.8730703259005	0	344.010309278351	0	0	0	0	0	0	85.4	0	0	0	0	0	0	0	0	0	0	0	0	78.937875751503	0	0	0	0	33.2650602409639	107.676359039191	0	0	0	39.2335329341317	66.5	0	0	51.4469453376206	0	18.5179856115108	0	0	22.8082191780822	0	0	51.3722627737226	0	0	0	0	0	0	0	103.117808219178	20.5278592375367	0	39.724907063197	35.984990619137	34.0502215657312	0	0	77.6127320954907
Ref.Sig.R8	0	0	0	0	0	0	0	0	0	0	0	0	0	0	0	0	0	0	0	0	0	0	0	0	0	0	0	0	0	0	0	0	0	0	0	0	0	0	0	0	0	0	0	0	0	0	0	0	0	0	0	0	0	0	0	0	0	0	0	0	0	0	0	0	0	0	0	0	0	0	0	0	0	0	0	0	0	0	0	0	0	0	0	0	0	0	0	0	0	0	0	0	0	0	0	0	0	0	0	0	0
Ref.Sig.R9	85.2724358974359	0	0	0	0	0	0	0	0	0	57.3931034482759	54.7605633802817	21.3888888888889	0	23.3975308641975	60.4370078740157	0	0	0	0	50.718954248366	0	74	0	0	0	0	0	31.4025974025974	0	18.144	0	0	0	0	0	0	20.5263157894737	90.6247464503043	0	0	29.3530434782609	0	0	0	0	0	0	0	0	0	0	71.0864745011087	22.3678929765886	0	0	0	0	0	0	0	0	0	0	0	0	0	0	0	46.4509803921569	0	49.0944625407166	0	0	0	0	52.475884244373	15.3169014084507	21.089928057554	0	0	44.6027397260274	0	0	41.2992700729927	11.3948717948718	0	0	26.6270871985158	18.1525423728814	0	0	0	0	0	0	0	45.5672082717873	19.2072727272727	0	0
Ref.Sig.R14	0	0	0	0	0	0	0	0	0	0	0	0	0	0	0	0	0	0	0	0	0	0	0	181.8762746431	0	0	0	0	0	0	0	0	0	0	0	0	0	0	0	0	0	0	0	0	0	0	0	0	0	0	0	0	0	23.3846153846154	0	0	0	0	0	0	0	0	0	0	0	0	0	0	0	0	0	0	361.652694610778	0	0	0	0	0	0	0	0	0	0	0	0	0	269.065764023211	0	0	0	0	0	0	0	0	0	0	0	0	0	0
Ref.Sig.R15	0	33.6587677725119	0	0	22.680412371134	39.4223826714801	0	0	23.8712121212121	34.119298245614	112.268965517241	0	0	50.7396449704142	36.1135802469136	0	47.1459074733096	0	31.1565656565657	28.6542056074766	106.509803921569	0	0	0	0	27.1764705882353	0	50.8371385083714	86.1038961038961	25.0376175548589	37.296	0	0	27.6029776674938	0	0	0	44.1315789473684	43.2758620689655	23.125	0	0	0	0	31.2922077922078	0	0	32.9809725158562	34.020618556701	55.9166666666667	0	39.5724770642202	0	31.5183946488294	0	43.0838709677419	0	0	0	26.058690744921	0	31.044776119403	0	46.7641196013289	0	0	50.6796116504854	46.3694779116466	0	0	0	35.7980456026059	0	0	22.3013698630137	65.6467661691542	0	35.7394366197183	18.5179856115108	0	34.6818980667838	65.3835616438356	0	0	59.4306569343066	0	0	51.7391304347826	0	0	0	0	37.4054794520548	0	30.7407407407407	56.0223048327138	38.0412757973734	126.18611521418	32.3490909090909	119.053571428571	0
